group_name,variable,relationship_type,modeling_action,rationale,decision_source
parity_obstetric_history,G,shared_obstetric_history_counts,review_within_modeling,"Overlapping gravidity/parity history counts and the derived binary nulliparity. Nested/threshold representations of the same obstetric history; each member may still carry information the others do not (e.g. losses vs. live births). Co-entry is a modeling-review decision (rank deficiency / VIF within the training process), not a global ban. NOTE on P <-> nulliparity specifically: nulliparity == I(P == 0) is deterministically derived from the parity count P, but it is a NONLINEAR basis function of P, not a linear re-expression -- a logistic-regression design holding P as a count term and I(P == 0) as a binary threshold term can jointly encode a threshold deviation at parity zero and is not necessarily rank-deficient. P and nulliparity are therefore BOTH jointly eligible; their joint entry is a modeling-review / coefficient-stability / nonlinear-basis matter handled within CV, NOT a global hard co-entry pair. Deterministic derivability alone does not justify a permanent co-entry prohibition.","config.py REDUNDANCY_GROUPS['parity_history'] (legacy descriptive) + PARTNER-FIX-03B nulliparity<-P migration. (Final D rebuild closure pass, 2026-09-01: an interim decision that promoted P <-> nulliparity to a hard co-entry pair was SUPERSEDED and reverted to this review-only treatment.)"
parity_obstetric_history,P,shared_obstetric_history_counts,review_within_modeling,"Overlapping gravidity/parity history counts and the derived binary nulliparity. Nested/threshold representations of the same obstetric history; each member may still carry information the others do not (e.g. losses vs. live births). Co-entry is a modeling-review decision (rank deficiency / VIF within the training process), not a global ban. NOTE on P <-> nulliparity specifically: nulliparity == I(P == 0) is deterministically derived from the parity count P, but it is a NONLINEAR basis function of P, not a linear re-expression -- a logistic-regression design holding P as a count term and I(P == 0) as a binary threshold term can jointly encode a threshold deviation at parity zero and is not necessarily rank-deficient. P and nulliparity are therefore BOTH jointly eligible; their joint entry is a modeling-review / coefficient-stability / nonlinear-basis matter handled within CV, NOT a global hard co-entry pair. Deterministic derivability alone does not justify a permanent co-entry prohibition.","config.py REDUNDANCY_GROUPS['parity_history'] (legacy descriptive) + PARTNER-FIX-03B nulliparity<-P migration. (Final D rebuild closure pass, 2026-09-01: an interim decision that promoted P <-> nulliparity to a hard co-entry pair was SUPERSEDED and reverted to this review-only treatment.)"
parity_obstetric_history,AB,shared_obstetric_history_counts,review_within_modeling,"Overlapping gravidity/parity history counts and the derived binary nulliparity. Nested/threshold representations of the same obstetric history; each member may still carry information the others do not (e.g. losses vs. live births). Co-entry is a modeling-review decision (rank deficiency / VIF within the training process), not a global ban. NOTE on P <-> nulliparity specifically: nulliparity == I(P == 0) is deterministically derived from the parity count P, but it is a NONLINEAR basis function of P, not a linear re-expression -- a logistic-regression design holding P as a count term and I(P == 0) as a binary threshold term can jointly encode a threshold deviation at parity zero and is not necessarily rank-deficient. P and nulliparity are therefore BOTH jointly eligible; their joint entry is a modeling-review / coefficient-stability / nonlinear-basis matter handled within CV, NOT a global hard co-entry pair. Deterministic derivability alone does not justify a permanent co-entry prohibition.","config.py REDUNDANCY_GROUPS['parity_history'] (legacy descriptive) + PARTNER-FIX-03B nulliparity<-P migration. (Final D rebuild closure pass, 2026-09-01: an interim decision that promoted P <-> nulliparity to a hard co-entry pair was SUPERSEDED and reverted to this review-only treatment.)"
parity_obstetric_history,EUP,shared_obstetric_history_counts,review_within_modeling,"Overlapping gravidity/parity history counts and the derived binary nulliparity. Nested/threshold representations of the same obstetric history; each member may still carry information the others do not (e.g. losses vs. live births). Co-entry is a modeling-review decision (rank deficiency / VIF within the training process), not a global ban. NOTE on P <-> nulliparity specifically: nulliparity == I(P == 0) is deterministically derived from the parity count P, but it is a NONLINEAR basis function of P, not a linear re-expression -- a logistic-regression design holding P as a count term and I(P == 0) as a binary threshold term can jointly encode a threshold deviation at parity zero and is not necessarily rank-deficient. P and nulliparity are therefore BOTH jointly eligible; their joint entry is a modeling-review / coefficient-stability / nonlinear-basis matter handled within CV, NOT a global hard co-entry pair. Deterministic derivability alone does not justify a permanent co-entry prohibition.","config.py REDUNDANCY_GROUPS['parity_history'] (legacy descriptive) + PARTNER-FIX-03B nulliparity<-P migration. (Final D rebuild closure pass, 2026-09-01: an interim decision that promoted P <-> nulliparity to a hard co-entry pair was SUPERSEDED and reverted to this review-only treatment.)"
parity_obstetric_history,LIVE_BIRTH,shared_obstetric_history_counts,review_within_modeling,"Overlapping gravidity/parity history counts and the derived binary nulliparity. Nested/threshold representations of the same obstetric history; each member may still carry information the others do not (e.g. losses vs. live births). Co-entry is a modeling-review decision (rank deficiency / VIF within the training process), not a global ban. NOTE on P <-> nulliparity specifically: nulliparity == I(P == 0) is deterministically derived from the parity count P, but it is a NONLINEAR basis function of P, not a linear re-expression -- a logistic-regression design holding P as a count term and I(P == 0) as a binary threshold term can jointly encode a threshold deviation at parity zero and is not necessarily rank-deficient. P and nulliparity are therefore BOTH jointly eligible; their joint entry is a modeling-review / coefficient-stability / nonlinear-basis matter handled within CV, NOT a global hard co-entry pair. Deterministic derivability alone does not justify a permanent co-entry prohibition.","config.py REDUNDANCY_GROUPS['parity_history'] (legacy descriptive) + PARTNER-FIX-03B nulliparity<-P migration. (Final D rebuild closure pass, 2026-09-01: an interim decision that promoted P <-> nulliparity to a hard co-entry pair was SUPERSEDED and reverted to this review-only treatment.)"
parity_obstetric_history,nulliparity,shared_obstetric_history_counts,review_within_modeling,"Overlapping gravidity/parity history counts and the derived binary nulliparity. Nested/threshold representations of the same obstetric history; each member may still carry information the others do not (e.g. losses vs. live births). Co-entry is a modeling-review decision (rank deficiency / VIF within the training process), not a global ban. NOTE on P <-> nulliparity specifically: nulliparity == I(P == 0) is deterministically derived from the parity count P, but it is a NONLINEAR basis function of P, not a linear re-expression -- a logistic-regression design holding P as a count term and I(P == 0) as a binary threshold term can jointly encode a threshold deviation at parity zero and is not necessarily rank-deficient. P and nulliparity are therefore BOTH jointly eligible; their joint entry is a modeling-review / coefficient-stability / nonlinear-basis matter handled within CV, NOT a global hard co-entry pair. Deterministic derivability alone does not justify a permanent co-entry prohibition.","config.py REDUNDANCY_GROUPS['parity_history'] (legacy descriptive) + PARTNER-FIX-03B nulliparity<-P migration. (Final D rebuild closure pass, 2026-09-01: an interim decision that promoted P <-> nulliparity to a hard co-entry pair was SUPERSEDED and reverted to this review-only treatment.)"
prior_cesarean_history,CS,prior_cesarean_history,review_within_modeling,"Prior-cesarean count (CS), the binary status-post-CS flag (S_P_CS) and prior successful VBAC. Clinically overlapping but not a deterministic pair: CS is a count, S_P_CS a threshold on it, VBAC an outcome of a prior trial of labor. Modeling review only.",Clinical variable documentation; config.py REDUNDANCY_GROUPS (legacy descriptive).
prior_cesarean_history,S_P_CS,prior_cesarean_history,review_within_modeling,"Prior-cesarean count (CS), the binary status-post-CS flag (S_P_CS) and prior successful VBAC. Clinically overlapping but not a deterministic pair: CS is a count, S_P_CS a threshold on it, VBAC an outcome of a prior trial of labor. Modeling review only.",Clinical variable documentation; config.py REDUNDANCY_GROUPS (legacy descriptive).
prior_cesarean_history,VBAC,prior_cesarean_history,review_within_modeling,"Prior-cesarean count (CS), the binary status-post-CS flag (S_P_CS) and prior successful VBAC. Clinically overlapping but not a deterministic pair: CS is a count, S_P_CS a threshold on it, VBAC an outcome of a prior trial of labor. Modeling review only.",Clinical variable documentation; config.py REDUNDANCY_GROUPS (legacy descriptive).
prepregnancy_anthropometry,BMI_before,anthropometric_index_and_components,review_within_modeling,BMI_before is the index; weight_before_pregnancy and height are its mathematical components. Not a global hard ban (each component may carry independent signal); BMI_before's own fold-safe recompute reads the components internally as transform dependencies. Modeling review / collinearity handling only.,cleaning_b_part4_transformations_imputation_plan.py (BMI_before recompute) + modeling_core.py _BMI_BEFORE_DEPENDENCY_COLS.
prepregnancy_anthropometry,weight_before_pregnancy,anthropometric_index_and_components,review_within_modeling,BMI_before is the index; weight_before_pregnancy and height are its mathematical components. Not a global hard ban (each component may carry independent signal); BMI_before's own fold-safe recompute reads the components internally as transform dependencies. Modeling review / collinearity handling only.,cleaning_b_part4_transformations_imputation_plan.py (BMI_before recompute) + modeling_core.py _BMI_BEFORE_DEPENDENCY_COLS.
prepregnancy_anthropometry,height,anthropometric_index_and_components,review_within_modeling,BMI_before is the index; weight_before_pregnancy and height are its mathematical components. Not a global hard ban (each component may carry independent signal); BMI_before's own fold-safe recompute reads the components internally as transform dependencies. Modeling review / collinearity handling only.,cleaning_b_part4_transformations_imputation_plan.py (BMI_before recompute) + modeling_core.py _BMI_BEFORE_DEPENDENCY_COLS.
pregnancy_anthropometry,BMI_after,anthropometric_index_and_components,review_within_modeling,BMI_after is the near-delivery index; weight_in_pregnancy and height are its mathematical source family. BMI_after and weight_in_pregnancy are transform_source_only (fold-safe quantile categorical). Do not co-enter raw BMI_after alongside its mathematical source family without modeling review; not a global deterministic pair.,cleaning_b_feature_dictionary.csv (BMI_after row) + modeling_core.py _FOLD_SAFE_QUANTILE_SPECS.
pregnancy_anthropometry,weight_in_pregnancy,anthropometric_index_and_components,review_within_modeling,BMI_after is the near-delivery index; weight_in_pregnancy and height are its mathematical source family. BMI_after and weight_in_pregnancy are transform_source_only (fold-safe quantile categorical). Do not co-enter raw BMI_after alongside its mathematical source family without modeling review; not a global deterministic pair.,cleaning_b_feature_dictionary.csv (BMI_after row) + modeling_core.py _FOLD_SAFE_QUANTILE_SPECS.
pregnancy_anthropometry,height,anthropometric_index_and_components,review_within_modeling,BMI_after is the near-delivery index; weight_in_pregnancy and height are its mathematical source family. BMI_after and weight_in_pregnancy are transform_source_only (fold-safe quantile categorical). Do not co-enter raw BMI_after alongside its mathematical source family without modeling review; not a global deterministic pair.,cleaning_b_feature_dictionary.csv (BMI_after row) + modeling_core.py _FOLD_SAFE_QUANTILE_SPECS.
hypertension_spectrum,PIH,hypertension_spectrum_representation,review_within_modeling,"derived_hypertension_pih_pet_spectrum is an approved 3-level grouped representation of the hypertension family, defined from clinical semantics (Decision 45/77) not target association. It is NOT an automatic hard pair against each individual PIH/PET subtype: a subtype may carry detail the grouped level collapses. any_PET_cat/severe_PET_cat are approved standalone predictor_allowed/Stage 1 predictors (Decision 94) and formula inputs / clinical-redundancy-family members of the spectrum; their addition here is metadata visibility only, not a new eligibility or hard-pair decision. Co-entry is review_within_modeling.",Decision 45/77/94; eda_c_part3_feature_engineering.py C9 (derived_hypertension_pih_pet_spectrum) + DERIVED_REDUNDANCY_GROUPS.
hypertension_spectrum,mild_PET,hypertension_spectrum_representation,review_within_modeling,"derived_hypertension_pih_pet_spectrum is an approved 3-level grouped representation of the hypertension family, defined from clinical semantics (Decision 45/77) not target association. It is NOT an automatic hard pair against each individual PIH/PET subtype: a subtype may carry detail the grouped level collapses. any_PET_cat/severe_PET_cat are approved standalone predictor_allowed/Stage 1 predictors (Decision 94) and formula inputs / clinical-redundancy-family members of the spectrum; their addition here is metadata visibility only, not a new eligibility or hard-pair decision. Co-entry is review_within_modeling.",Decision 45/77/94; eda_c_part3_feature_engineering.py C9 (derived_hypertension_pih_pet_spectrum) + DERIVED_REDUNDANCY_GROUPS.
hypertension_spectrum,SIPET,hypertension_spectrum_representation,review_within_modeling,"derived_hypertension_pih_pet_spectrum is an approved 3-level grouped representation of the hypertension family, defined from clinical semantics (Decision 45/77) not target association. It is NOT an automatic hard pair against each individual PIH/PET subtype: a subtype may carry detail the grouped level collapses. any_PET_cat/severe_PET_cat are approved standalone predictor_allowed/Stage 1 predictors (Decision 94) and formula inputs / clinical-redundancy-family members of the spectrum; their addition here is metadata visibility only, not a new eligibility or hard-pair decision. Co-entry is review_within_modeling.",Decision 45/77/94; eda_c_part3_feature_engineering.py C9 (derived_hypertension_pih_pet_spectrum) + DERIVED_REDUNDANCY_GROUPS.
hypertension_spectrum,pregnancy_related_hypertensive_disorder,hypertension_spectrum_representation,review_within_modeling,"derived_hypertension_pih_pet_spectrum is an approved 3-level grouped representation of the hypertension family, defined from clinical semantics (Decision 45/77) not target association. It is NOT an automatic hard pair against each individual PIH/PET subtype: a subtype may carry detail the grouped level collapses. any_PET_cat/severe_PET_cat are approved standalone predictor_allowed/Stage 1 predictors (Decision 94) and formula inputs / clinical-redundancy-family members of the spectrum; their addition here is metadata visibility only, not a new eligibility or hard-pair decision. Co-entry is review_within_modeling.",Decision 45/77/94; eda_c_part3_feature_engineering.py C9 (derived_hypertension_pih_pet_spectrum) + DERIVED_REDUNDANCY_GROUPS.
hypertension_spectrum,any_PET_cat,hypertension_spectrum_representation,review_within_modeling,"derived_hypertension_pih_pet_spectrum is an approved 3-level grouped representation of the hypertension family, defined from clinical semantics (Decision 45/77) not target association. It is NOT an automatic hard pair against each individual PIH/PET subtype: a subtype may carry detail the grouped level collapses. any_PET_cat/severe_PET_cat are approved standalone predictor_allowed/Stage 1 predictors (Decision 94) and formula inputs / clinical-redundancy-family members of the spectrum; their addition here is metadata visibility only, not a new eligibility or hard-pair decision. Co-entry is review_within_modeling.",Decision 45/77/94; eda_c_part3_feature_engineering.py C9 (derived_hypertension_pih_pet_spectrum) + DERIVED_REDUNDANCY_GROUPS.
hypertension_spectrum,severe_PET_cat,hypertension_spectrum_representation,review_within_modeling,"derived_hypertension_pih_pet_spectrum is an approved 3-level grouped representation of the hypertension family, defined from clinical semantics (Decision 45/77) not target association. It is NOT an automatic hard pair against each individual PIH/PET subtype: a subtype may carry detail the grouped level collapses. any_PET_cat/severe_PET_cat are approved standalone predictor_allowed/Stage 1 predictors (Decision 94) and formula inputs / clinical-redundancy-family members of the spectrum; their addition here is metadata visibility only, not a new eligibility or hard-pair decision. Co-entry is review_within_modeling.",Decision 45/77/94; eda_c_part3_feature_engineering.py C9 (derived_hypertension_pih_pet_spectrum) + DERIVED_REDUNDANCY_GROUPS.
hypertension_spectrum,derived_hypertension_pih_pet_spectrum,hypertension_spectrum_representation,review_within_modeling,"derived_hypertension_pih_pet_spectrum is an approved 3-level grouped representation of the hypertension family, defined from clinical semantics (Decision 45/77) not target association. It is NOT an automatic hard pair against each individual PIH/PET subtype: a subtype may carry detail the grouped level collapses. any_PET_cat/severe_PET_cat are approved standalone predictor_allowed/Stage 1 predictors (Decision 94) and formula inputs / clinical-redundancy-family members of the spectrum; their addition here is metadata visibility only, not a new eligibility or hard-pair decision. Co-entry is review_within_modeling.",Decision 45/77/94; eda_c_part3_feature_engineering.py C9 (derived_hypertension_pih_pet_spectrum) + DERIVED_REDUNDANCY_GROUPS.
placental_dysfunction_proxy,derived_placental_dysfunction_proxy,placental_dysfunction_proxy_representation,review_within_modeling,"derived_placental_dysfunction_proxy is an exploratory OR-composite proxy (any_PET_cat=='present' OR IUGR==1) materialized once any_PET_cat is available as a standalone predictor (Decision 94). It is NOT an exact one-to-one re-expression of any single source -- an OR-composite of multiple sources is not automatically a global hard pair with each of them, so this is review-only, matching the existing C8 redundancy_family_columns contract for this feature. severe_PET_cat and derived_hypertension_pih_pet_spectrum are listed as clinically related family members, not formula inputs (the formula reads only any_PET_cat and IUGR).",Decision 94; eda_c_part3_feature_engineering.py C8/C9 (derived_placental_dysfunction_proxy redundancy_family_columns).
placental_dysfunction_proxy,any_PET_cat,placental_dysfunction_proxy_representation,review_within_modeling,"derived_placental_dysfunction_proxy is an exploratory OR-composite proxy (any_PET_cat=='present' OR IUGR==1) materialized once any_PET_cat is available as a standalone predictor (Decision 94). It is NOT an exact one-to-one re-expression of any single source -- an OR-composite of multiple sources is not automatically a global hard pair with each of them, so this is review-only, matching the existing C8 redundancy_family_columns contract for this feature. severe_PET_cat and derived_hypertension_pih_pet_spectrum are listed as clinically related family members, not formula inputs (the formula reads only any_PET_cat and IUGR).",Decision 94; eda_c_part3_feature_engineering.py C8/C9 (derived_placental_dysfunction_proxy redundancy_family_columns).
placental_dysfunction_proxy,severe_PET_cat,placental_dysfunction_proxy_representation,review_within_modeling,"derived_placental_dysfunction_proxy is an exploratory OR-composite proxy (any_PET_cat=='present' OR IUGR==1) materialized once any_PET_cat is available as a standalone predictor (Decision 94). It is NOT an exact one-to-one re-expression of any single source -- an OR-composite of multiple sources is not automatically a global hard pair with each of them, so this is review-only, matching the existing C8 redundancy_family_columns contract for this feature. severe_PET_cat and derived_hypertension_pih_pet_spectrum are listed as clinically related family members, not formula inputs (the formula reads only any_PET_cat and IUGR).",Decision 94; eda_c_part3_feature_engineering.py C8/C9 (derived_placental_dysfunction_proxy redundancy_family_columns).
placental_dysfunction_proxy,IUGR,placental_dysfunction_proxy_representation,review_within_modeling,"derived_placental_dysfunction_proxy is an exploratory OR-composite proxy (any_PET_cat=='present' OR IUGR==1) materialized once any_PET_cat is available as a standalone predictor (Decision 94). It is NOT an exact one-to-one re-expression of any single source -- an OR-composite of multiple sources is not automatically a global hard pair with each of them, so this is review-only, matching the existing C8 redundancy_family_columns contract for this feature. severe_PET_cat and derived_hypertension_pih_pet_spectrum are listed as clinically related family members, not formula inputs (the formula reads only any_PET_cat and IUGR).",Decision 94; eda_c_part3_feature_engineering.py C8/C9 (derived_placental_dysfunction_proxy redundancy_family_columns).
placental_dysfunction_proxy,derived_hypertension_pih_pet_spectrum,placental_dysfunction_proxy_representation,review_within_modeling,"derived_placental_dysfunction_proxy is an exploratory OR-composite proxy (any_PET_cat=='present' OR IUGR==1) materialized once any_PET_cat is available as a standalone predictor (Decision 94). It is NOT an exact one-to-one re-expression of any single source -- an OR-composite of multiple sources is not automatically a global hard pair with each of them, so this is review-only, matching the existing C8 redundancy_family_columns contract for this feature. severe_PET_cat and derived_hypertension_pih_pet_spectrum are listed as clinically related family members, not formula inputs (the formula reads only any_PET_cat and IUGR).",Decision 94; eda_c_part3_feature_engineering.py C8/C9 (derived_placental_dysfunction_proxy redundancy_family_columns).
diabetes_representation,gestational_diabetes,diabetes_representation,review_within_modeling,"diabetes_type and derived_diabetes_type_grouped ARE an approved hard deterministic co-entry pair (see model_coentry_constraints.csv). gestational_diabetes is REVIEW-ONLY here: current executable lineage does not derive it from diabetes_type and does not prove deterministic equivalence/recoverability, so it is not promoted to a hard constraint in this pass.",Decision 78; eda_c_part3_feature_engineering.py C9; D3 review item (2026-09-01 pre-C13 contract freeze).
diabetes_representation,diabetes_type,diabetes_representation,review_within_modeling,"diabetes_type and derived_diabetes_type_grouped ARE an approved hard deterministic co-entry pair (see model_coentry_constraints.csv). gestational_diabetes is REVIEW-ONLY here: current executable lineage does not derive it from diabetes_type and does not prove deterministic equivalence/recoverability, so it is not promoted to a hard constraint in this pass.",Decision 78; eda_c_part3_feature_engineering.py C9; D3 review item (2026-09-01 pre-C13 contract freeze).
diabetes_representation,derived_diabetes_type_grouped,diabetes_representation,review_within_modeling,"diabetes_type and derived_diabetes_type_grouped ARE an approved hard deterministic co-entry pair (see model_coentry_constraints.csv). gestational_diabetes is REVIEW-ONLY here: current executable lineage does not derive it from diabetes_type and does not prove deterministic equivalence/recoverability, so it is not promoted to a hard constraint in this pass.",Decision 78; eda_c_part3_feature_engineering.py C9; D3 review item (2026-09-01 pre-C13 contract freeze).
endometrioma_representation_phenotype,endometrioma,endometrioma_representation,review_within_modeling,endometrioma <-> endometrioma_size_status and endometrioma <-> endometrioma_presence_laterality are approved hard deterministic pairs (the status/laterality columns encode presence). The two derived representations vs. each other (size vs. laterality) are review_within_modeling: they encode different phenotype axes.,Data Cleaning B Section B5c; cleaning_b_feature_dictionary.csv; Decisions 22/24/25/70/84.
endometrioma_representation_phenotype,endometrioma_size_status,endometrioma_representation,review_within_modeling,endometrioma <-> endometrioma_size_status and endometrioma <-> endometrioma_presence_laterality are approved hard deterministic pairs (the status/laterality columns encode presence). The two derived representations vs. each other (size vs. laterality) are review_within_modeling: they encode different phenotype axes.,Data Cleaning B Section B5c; cleaning_b_feature_dictionary.csv; Decisions 22/24/25/70/84.
endometrioma_representation_phenotype,endometrioma_presence_laterality,endometrioma_representation,review_within_modeling,endometrioma <-> endometrioma_size_status and endometrioma <-> endometrioma_presence_laterality are approved hard deterministic pairs (the status/laterality columns encode presence). The two derived representations vs. each other (size vs. laterality) are review_within_modeling: they encode different phenotype axes.,Data Cleaning B Section B5c; cleaning_b_feature_dictionary.csv; Decisions 22/24/25/70/84.
prior_endometriosis_surgery,endometriosis_surgery,prior_endo_surgery_representation,review_within_modeling,endometriosis_surgery <-> derived_endo_surgery_adhesion_status and endometriosis_surgery <-> derived_prior_endo_surgery_procedure_status are approved hard deterministic pairs (the derived statuses encode the surgery/no-surgery state). The endo_resection_* multi-hot family and the two derived statuses overlap clinically but are NOT global hard pairs with each other; co-entry is review_within_modeling.,Decision 19/20/91; eda_c_part3_feature_engineering.py C8/C9 redundancy_family_columns.
prior_endometriosis_surgery,derived_endo_surgery_adhesion_status,prior_endo_surgery_representation,review_within_modeling,endometriosis_surgery <-> derived_endo_surgery_adhesion_status and endometriosis_surgery <-> derived_prior_endo_surgery_procedure_status are approved hard deterministic pairs (the derived statuses encode the surgery/no-surgery state). The endo_resection_* multi-hot family and the two derived statuses overlap clinically but are NOT global hard pairs with each other; co-entry is review_within_modeling.,Decision 19/20/91; eda_c_part3_feature_engineering.py C8/C9 redundancy_family_columns.
prior_endometriosis_surgery,derived_prior_endo_surgery_procedure_status,prior_endo_surgery_representation,review_within_modeling,endometriosis_surgery <-> derived_endo_surgery_adhesion_status and endometriosis_surgery <-> derived_prior_endo_surgery_procedure_status are approved hard deterministic pairs (the derived statuses encode the surgery/no-surgery state). The endo_resection_* multi-hot family and the two derived statuses overlap clinically but are NOT global hard pairs with each other; co-entry is review_within_modeling.,Decision 19/20/91; eda_c_part3_feature_engineering.py C8/C9 redundancy_family_columns.
prior_endometriosis_surgery,endo_resection_no_resection,prior_endo_surgery_representation,review_within_modeling,endometriosis_surgery <-> derived_endo_surgery_adhesion_status and endometriosis_surgery <-> derived_prior_endo_surgery_procedure_status are approved hard deterministic pairs (the derived statuses encode the surgery/no-surgery state). The endo_resection_* multi-hot family and the two derived statuses overlap clinically but are NOT global hard pairs with each other; co-entry is review_within_modeling.,Decision 19/20/91; eda_c_part3_feature_engineering.py C8/C9 redundancy_family_columns.
prior_endometriosis_surgery,endo_resection_ovarian_endometrioma_unilateral,prior_endo_surgery_representation,review_within_modeling,endometriosis_surgery <-> derived_endo_surgery_adhesion_status and endometriosis_surgery <-> derived_prior_endo_surgery_procedure_status are approved hard deterministic pairs (the derived statuses encode the surgery/no-surgery state). The endo_resection_* multi-hot family and the two derived statuses overlap clinically but are NOT global hard pairs with each other; co-entry is review_within_modeling.,Decision 19/20/91; eda_c_part3_feature_engineering.py C8/C9 redundancy_family_columns.
prior_endometriosis_surgery,endo_resection_ovarian_endometrioma_bilateral,prior_endo_surgery_representation,review_within_modeling,endometriosis_surgery <-> derived_endo_surgery_adhesion_status and endometriosis_surgery <-> derived_prior_endo_surgery_procedure_status are approved hard deterministic pairs (the derived statuses encode the surgery/no-surgery state). The endo_resection_* multi-hot family and the two derived statuses overlap clinically but are NOT global hard pairs with each other; co-entry is review_within_modeling.,Decision 19/20/91; eda_c_part3_feature_engineering.py C8/C9 redundancy_family_columns.
prior_endometriosis_surgery,endo_resection_adnexa,prior_endo_surgery_representation,review_within_modeling,endometriosis_surgery <-> derived_endo_surgery_adhesion_status and endometriosis_surgery <-> derived_prior_endo_surgery_procedure_status are approved hard deterministic pairs (the derived statuses encode the surgery/no-surgery state). The endo_resection_* multi-hot family and the two derived statuses overlap clinically but are NOT global hard pairs with each other; co-entry is review_within_modeling.,Decision 19/20/91; eda_c_part3_feature_engineering.py C8/C9 redundancy_family_columns.
prior_endometriosis_surgery,endo_resection_fallopian_tube,prior_endo_surgery_representation,review_within_modeling,endometriosis_surgery <-> derived_endo_surgery_adhesion_status and endometriosis_surgery <-> derived_prior_endo_surgery_procedure_status are approved hard deterministic pairs (the derived statuses encode the surgery/no-surgery state). The endo_resection_* multi-hot family and the two derived statuses overlap clinically but are NOT global hard pairs with each other; co-entry is review_within_modeling.,Decision 19/20/91; eda_c_part3_feature_engineering.py C8/C9 redundancy_family_columns.
prior_endometriosis_surgery,endo_resection_epiploica,prior_endo_surgery_representation,review_within_modeling,endometriosis_surgery <-> derived_endo_surgery_adhesion_status and endometriosis_surgery <-> derived_prior_endo_surgery_procedure_status are approved hard deterministic pairs (the derived statuses encode the surgery/no-surgery state). The endo_resection_* multi-hot family and the two derived statuses overlap clinically but are NOT global hard pairs with each other; co-entry is review_within_modeling.,Decision 19/20/91; eda_c_part3_feature_engineering.py C8/C9 redundancy_family_columns.
prior_endometriosis_surgery,endo_resection_uterus,prior_endo_surgery_representation,review_within_modeling,endometriosis_surgery <-> derived_endo_surgery_adhesion_status and endometriosis_surgery <-> derived_prior_endo_surgery_procedure_status are approved hard deterministic pairs (the derived statuses encode the surgery/no-surgery state). The endo_resection_* multi-hot family and the two derived statuses overlap clinically but are NOT global hard pairs with each other; co-entry is review_within_modeling.,Decision 19/20/91; eda_c_part3_feature_engineering.py C8/C9 redundancy_family_columns.
prior_endometriosis_surgery,endo_resection_lesion,prior_endo_surgery_representation,review_within_modeling,endometriosis_surgery <-> derived_endo_surgery_adhesion_status and endometriosis_surgery <-> derived_prior_endo_surgery_procedure_status are approved hard deterministic pairs (the derived statuses encode the surgery/no-surgery state). The endo_resection_* multi-hot family and the two derived statuses overlap clinically but are NOT global hard pairs with each other; co-entry is review_within_modeling.,Decision 19/20/91; eda_c_part3_feature_engineering.py C8/C9 redundancy_family_columns.
prior_endometriosis_surgery,endo_resection_adhesiolysis,prior_endo_surgery_representation,review_within_modeling,endometriosis_surgery <-> derived_endo_surgery_adhesion_status and endometriosis_surgery <-> derived_prior_endo_surgery_procedure_status are approved hard deterministic pairs (the derived statuses encode the surgery/no-surgery state). The endo_resection_* multi-hot family and the two derived statuses overlap clinically but are NOT global hard pairs with each other; co-entry is review_within_modeling.,Decision 19/20/91; eda_c_part3_feature_engineering.py C8/C9 redundancy_family_columns.
prior_endometriosis_surgery,endo_resection_appendix,prior_endo_surgery_representation,review_within_modeling,endometriosis_surgery <-> derived_endo_surgery_adhesion_status and endometriosis_surgery <-> derived_prior_endo_surgery_procedure_status are approved hard deterministic pairs (the derived statuses encode the surgery/no-surgery state). The endo_resection_* multi-hot family and the two derived statuses overlap clinically but are NOT global hard pairs with each other; co-entry is review_within_modeling.,Decision 19/20/91; eda_c_part3_feature_engineering.py C8/C9 redundancy_family_columns.
adenomyosis_parent_and_multihot,adenomyosis,parent_and_multihot_representation,review_within_modeling,"adenomyosis is the parent binary; adenomyosis_feature_1..11 + adenomyosis_features_unknown are the sonographic multi-hot family. adenomyosis is NOT a global hard pair with each individual feature indicator (a feature can be present without the parent being the only signal, and vice versa). Co-entry / collapsing is a modeling-review decision.",Decision 91; adenomyosis sonographic 12-column multi-hot family (cleaning_b_feature_dictionary.csv).
adenomyosis_parent_and_multihot,adenomyosis_feature_1,parent_and_multihot_representation,review_within_modeling,"adenomyosis is the parent binary; adenomyosis_feature_1..11 + adenomyosis_features_unknown are the sonographic multi-hot family. adenomyosis is NOT a global hard pair with each individual feature indicator (a feature can be present without the parent being the only signal, and vice versa). Co-entry / collapsing is a modeling-review decision.",Decision 91; adenomyosis sonographic 12-column multi-hot family (cleaning_b_feature_dictionary.csv).
adenomyosis_parent_and_multihot,adenomyosis_feature_2,parent_and_multihot_representation,review_within_modeling,"adenomyosis is the parent binary; adenomyosis_feature_1..11 + adenomyosis_features_unknown are the sonographic multi-hot family. adenomyosis is NOT a global hard pair with each individual feature indicator (a feature can be present without the parent being the only signal, and vice versa). Co-entry / collapsing is a modeling-review decision.",Decision 91; adenomyosis sonographic 12-column multi-hot family (cleaning_b_feature_dictionary.csv).
adenomyosis_parent_and_multihot,adenomyosis_feature_3,parent_and_multihot_representation,review_within_modeling,"adenomyosis is the parent binary; adenomyosis_feature_1..11 + adenomyosis_features_unknown are the sonographic multi-hot family. adenomyosis is NOT a global hard pair with each individual feature indicator (a feature can be present without the parent being the only signal, and vice versa). Co-entry / collapsing is a modeling-review decision.",Decision 91; adenomyosis sonographic 12-column multi-hot family (cleaning_b_feature_dictionary.csv).
adenomyosis_parent_and_multihot,adenomyosis_feature_4,parent_and_multihot_representation,review_within_modeling,"adenomyosis is the parent binary; adenomyosis_feature_1..11 + adenomyosis_features_unknown are the sonographic multi-hot family. adenomyosis is NOT a global hard pair with each individual feature indicator (a feature can be present without the parent being the only signal, and vice versa). Co-entry / collapsing is a modeling-review decision.",Decision 91; adenomyosis sonographic 12-column multi-hot family (cleaning_b_feature_dictionary.csv).
adenomyosis_parent_and_multihot,adenomyosis_feature_5,parent_and_multihot_representation,review_within_modeling,"adenomyosis is the parent binary; adenomyosis_feature_1..11 + adenomyosis_features_unknown are the sonographic multi-hot family. adenomyosis is NOT a global hard pair with each individual feature indicator (a feature can be present without the parent being the only signal, and vice versa). Co-entry / collapsing is a modeling-review decision.",Decision 91; adenomyosis sonographic 12-column multi-hot family (cleaning_b_feature_dictionary.csv).
adenomyosis_parent_and_multihot,adenomyosis_feature_6,parent_and_multihot_representation,review_within_modeling,"adenomyosis is the parent binary; adenomyosis_feature_1..11 + adenomyosis_features_unknown are the sonographic multi-hot family. adenomyosis is NOT a global hard pair with each individual feature indicator (a feature can be present without the parent being the only signal, and vice versa). Co-entry / collapsing is a modeling-review decision.",Decision 91; adenomyosis sonographic 12-column multi-hot family (cleaning_b_feature_dictionary.csv).
adenomyosis_parent_and_multihot,adenomyosis_feature_7,parent_and_multihot_representation,review_within_modeling,"adenomyosis is the parent binary; adenomyosis_feature_1..11 + adenomyosis_features_unknown are the sonographic multi-hot family. adenomyosis is NOT a global hard pair with each individual feature indicator (a feature can be present without the parent being the only signal, and vice versa). Co-entry / collapsing is a modeling-review decision.",Decision 91; adenomyosis sonographic 12-column multi-hot family (cleaning_b_feature_dictionary.csv).
adenomyosis_parent_and_multihot,adenomyosis_feature_8,parent_and_multihot_representation,review_within_modeling,"adenomyosis is the parent binary; adenomyosis_feature_1..11 + adenomyosis_features_unknown are the sonographic multi-hot family. adenomyosis is NOT a global hard pair with each individual feature indicator (a feature can be present without the parent being the only signal, and vice versa). Co-entry / collapsing is a modeling-review decision.",Decision 91; adenomyosis sonographic 12-column multi-hot family (cleaning_b_feature_dictionary.csv).
adenomyosis_parent_and_multihot,adenomyosis_feature_9,parent_and_multihot_representation,review_within_modeling,"adenomyosis is the parent binary; adenomyosis_feature_1..11 + adenomyosis_features_unknown are the sonographic multi-hot family. adenomyosis is NOT a global hard pair with each individual feature indicator (a feature can be present without the parent being the only signal, and vice versa). Co-entry / collapsing is a modeling-review decision.",Decision 91; adenomyosis sonographic 12-column multi-hot family (cleaning_b_feature_dictionary.csv).
adenomyosis_parent_and_multihot,adenomyosis_feature_10,parent_and_multihot_representation,review_within_modeling,"adenomyosis is the parent binary; adenomyosis_feature_1..11 + adenomyosis_features_unknown are the sonographic multi-hot family. adenomyosis is NOT a global hard pair with each individual feature indicator (a feature can be present without the parent being the only signal, and vice versa). Co-entry / collapsing is a modeling-review decision.",Decision 91; adenomyosis sonographic 12-column multi-hot family (cleaning_b_feature_dictionary.csv).
adenomyosis_parent_and_multihot,adenomyosis_feature_11,parent_and_multihot_representation,review_within_modeling,"adenomyosis is the parent binary; adenomyosis_feature_1..11 + adenomyosis_features_unknown are the sonographic multi-hot family. adenomyosis is NOT a global hard pair with each individual feature indicator (a feature can be present without the parent being the only signal, and vice versa). Co-entry / collapsing is a modeling-review decision.",Decision 91; adenomyosis sonographic 12-column multi-hot family (cleaning_b_feature_dictionary.csv).
adenomyosis_parent_and_multihot,adenomyosis_features_unknown,parent_and_multihot_representation,review_within_modeling,"adenomyosis is the parent binary; adenomyosis_feature_1..11 + adenomyosis_features_unknown are the sonographic multi-hot family. adenomyosis is NOT a global hard pair with each individual feature indicator (a feature can be present without the parent being the only signal, and vice versa). Co-entry / collapsing is a modeling-review decision.",Decision 91; adenomyosis sonographic 12-column multi-hot family (cleaning_b_feature_dictionary.csv).
pprom_timing,PPROM,pprom_timing_representation,review_within_modeling,"Descriptive context for the approved hard pair PPROM <-> gestational_age_at_PPROM_days (constraint applies to the fold-safe PPROM-timing model representation, see model_coentry_constraints.csv). Listed here so the timing family is visible in modeling review.",Data Cleaning B Section B5b; eda_c_part4_screening.py DERIVED_REDUNDANCY_GROUPS['pprom_timing_representation'].
pprom_timing,gestational_age_at_PPROM_days,pprom_timing_representation,review_within_modeling,"Descriptive context for the approved hard pair PPROM <-> gestational_age_at_PPROM_days (constraint applies to the fold-safe PPROM-timing model representation, see model_coentry_constraints.csv). Listed here so the timing family is visible in modeling review.",Data Cleaning B Section B5b; eda_c_part4_screening.py DERIVED_REDUNDANCY_GROUPS['pprom_timing_representation'].
conception_mode_representation,mode_of_conception,conception_mode_representation,review_within_modeling,"Descriptive context for the approved hard pair mode_of_conception <-> mode_of_conception_ivf_vs_all (ivf_vs_all is a deterministic recompute of mode_of_conception, see model_coentry_constraints.csv).",Decision 30; run_preprocessing.py Batch 2 Step 0.
conception_mode_representation,mode_of_conception_ivf_vs_all,conception_mode_representation,review_within_modeling,"Descriptive context for the approved hard pair mode_of_conception <-> mode_of_conception_ivf_vs_all (ivf_vs_all is a deterministic recompute of mode_of_conception, see model_coentry_constraints.csv).",Decision 30; run_preprocessing.py Batch 2 Step 0.
labor_induction_representation,induction_any_bin,labor_induction_representation,review_within_modeling,"Descriptive context for the approved hard pair induction_any_bin <-> indication_for_induction_status (the status encodes the binary induction indicator, see model_coentry_constraints.csv).",Data Cleaning B Section B5h; cleaning_b_feature_dictionary.csv.
labor_induction_representation,indication_for_induction_status,labor_induction_representation,review_within_modeling,"Descriptive context for the approved hard pair induction_any_bin <-> indication_for_induction_status (the status encodes the binary induction indicator, see model_coentry_constraints.csv).",Data Cleaning B Section B5h; cleaning_b_feature_dictionary.csv.
