repeat,fold,status,reason,chosen_C,n_active_sources,intercept,l2_coef_norm,outer_pr_auc,outer_auroc,outer_brier,outer_brier_skill,outer_logloss,outer_calibration_intercept,outer_calibration_slope,outer_prevalence,outer_train_prevalence
1,1,OK,,0.1778279410038923,6,-1.965550575337793,1.1900932231968617,0.4224867724867725,0.8704954954954953,0.09559971452495006,0.20380759224112643,0.3051128252322371,0.6656861955194724,1.6282453033969713,0.13953488372093023,0.14202898550724638
1,2,OK,,0.1,6,-2.0251155732640256,1.035410099678777,0.5463390222901092,0.8333333333333333,0.09694429310982203,0.19260940753702016,0.32010944300824246,0.708230573198559,1.7187595830699536,0.13953488372093023,0.14202898550724638
1,3,OK,,0.31622776601683794,6,-1.994244108662026,1.5586531750545611,0.2541769755585545,0.7488738738738738,0.1171240349851395,0.024544499064219738,0.3666609846495679,-0.23830382059363292,0.7210178159779699,0.13953488372093023,0.14202898550724638
1,4,OK,,0.1778279410038923,6,-2.1589478237778685,1.20655584840101,0.42679395392852015,0.841995841995842,0.10493528500163568,0.1750058769748245,0.3305772468173154,0.773023542829787,1.451843487623393,0.14942528735632185,0.13953488372093023
1,5,OK,,0.1778279410038923,6,-1.9668521941619095,1.2726377631817578,0.3583514730315764,0.786036036036036,0.10698030427769467,0.10902551886381662,0.33669405269235136,0.08399475980414688,1.0278362498898241,0.13953488372093023,0.14202898550724638
2,1,OK,,0.1778279410038923,6,-2.0053852098245555,1.2708438225409413,0.372513938303412,0.7661122661122661,0.11345986831720006,0.10798617872490357,0.3595950662157774,0.09695185125762215,1.0407669014083865,0.14942528735632185,0.13953488372093023
2,2,OK,,0.1778279410038923,6,-2.1587757346451593,1.2306432494199266,0.42956857176499674,0.7668918918918918,0.106239200412357,0.11519772632149261,0.34487390896216397,0.01220162105533877,1.0734826088911276,0.13953488372093023,0.14202898550724638
2,3,OK,,0.1,6,-1.938423922439521,0.99705652976819,0.5825237262737263,0.8795045045045045,0.09375225318128076,0.21919398437385196,0.30576029760169854,1.62814263324183,2.1849379017848016,0.13953488372093023,0.14202898550724638
2,4,OK,,0.1778279410038923,6,-2.038854447580609,1.3477983771291873,0.23361062989600728,0.7094594594594594,0.12409571919822653,-0.033518457162533766,0.3866916165117978,-0.7126545408041768,0.5851242701867451,0.13953488372093023,0.14202898550724638
2,5,OK,,0.1778279410038923,6,-2.018384846281424,1.2903133837835816,0.4602505464112607,0.822072072072072,0.09989141506265022,0.1680646049166219,0.3186877839787502,0.4125238830944046,1.167329075631622,0.13953488372093023,0.14202898550724638
3,1,OK,,0.1,6,-2.055277315497438,1.0960573156265752,0.33174007862642163,0.7454954954954955,0.10883584203318859,0.09357186316436739,0.3531480071255039,0.4022499293413509,1.253806711674395,0.13953488372093023,0.14202898550724638
3,2,OK,,0.1,6,-1.887244482384535,1.0372204620535739,0.5407357497147044,0.8581081081081081,0.0964831128643187,0.19645029986502283,0.31086773471367296,1.3324533798756317,1.7268574364500966,0.13953488372093023,0.14202898550724638
3,3,OK,,0.1778279410038923,6,-1.8601745653160058,1.164161539091392,0.44376967637837206,0.8986486486486486,0.09063248062173462,0.24517668984727492,0.2876550809353301,1.1884643393734653,2.16685085766076,0.13953488372093023,0.14202898550724638
3,4,OK,,0.1778279410038923,6,-2.2572212006859886,1.271742043318782,0.3005018511376478,0.7515592515592515,0.11845469182973468,0.06871721363537442,0.37342273752292604,0.05208210596293044,0.9015806639585258,0.14942528735632185,0.13953488372093023
3,5,OK,,0.31622776601683794,6,-2.049555496979673,1.5130168586084483,0.35527367538129534,0.7657657657657657,0.1164321042107244,0.030307173482460148,0.3631628013883874,-0.6000346415550012,0.712137913146379,0.13953488372093023,0.14202898550724638
4,1,OK,,0.31622776601683794,6,-1.9729854646299405,1.4359400785088359,0.4023859667616265,0.8355855855855856,0.10467292940710514,0.12824225358887198,0.32369870318876937,0.254038264818861,1.0455594239018355,0.13953488372093023,0.14202898550724638
4,2,OK,,0.1778279410038923,6,-2.2179145056089133,1.2060077810906795,0.5372701352534299,0.8284823284823285,0.10178366670268742,0.1997836871709887,0.3255517517642604,0.613679418877856,1.441224385875885,0.14942528735632185,0.13953488372093023
4,3,OK,,0.1778279410038923,6,-1.9861345099717416,1.2871982627988823,0.32459257228278965,0.7916666666666666,0.10878017900937831,0.09403544694357502,0.34379174344683855,-0.002216286388445899,0.9866139041553919,0.13953488372093023,0.14202898550724638
4,4,OK,,0.1778279410038923,6,-2.025332293153998,1.2584760334311968,0.31252407694158557,0.7984234234234233,0.10743781291996135,0.10521520510642846,0.336571757044192,0.1495603181955125,1.144461303302168,0.13953488372093023,0.14202898550724638
4,5,OK,,0.1778279410038923,6,-1.9466520353391616,1.2293181405951052,0.4799694651437972,0.8277027027027026,0.09878700845657329,0.17726254195238267,0.3210540544829534,0.3703512072673149,1.4072888261267251,0.13953488372093023,0.14202898550724638
5,1,OK,,0.1778279410038923,6,-2.0621014688713077,1.174658167840792,0.3507307770554972,0.8014553014553014,0.10974698797507862,0.13717659319509967,0.3461627286440957,0.4955743769545044,1.3384259706714154,0.14942528735632185,0.13953488372093023
5,2,OK,,0.1778279410038923,6,-2.02420641774561,1.239806295574875,0.32519951206307046,0.8079954954954955,0.10537266273061326,0.12241459644155228,0.33189973626046543,0.32127426695087846,1.2667727726626927,0.13953488372093023,0.14202898550724638
5,3,OK,,0.1778279410038923,6,-1.9908209562548047,1.2374234190715905,0.37001132077150284,0.8018018018018018,0.10419183728149113,0.1322489799661405,0.33405286610611284,0.1101629474539986,1.1066869015221634,0.13953488372093023,0.14202898550724638
5,4,OK,,0.31622776601683794,6,-2.186253418015489,1.5075410455814242,0.40034390815760096,0.7443693693693694,0.10856465741926774,0.09583039638047286,0.3537638175535653,-0.323510888142229,0.7998758981783886,0.13953488372093023,0.14202898550724638
5,5,OK,,0.1778279410038923,6,-1.9709797268147866,1.278525176814383,0.39839065581204064,0.8108108108108107,0.1038163189330635,0.13537644597875287,0.3289901838356778,0.11086014189036186,0.9911309493385015,0.13953488372093023,0.14202898550724638
6,1,OK,,0.1,6,-1.9681490237664256,1.0890401337350044,0.2663952347775877,0.7573198198198198,0.11379996177156128,0.052228701560398605,0.3600750757434399,-0.08169127615675917,0.9990983535027917,0.13953488372093023,0.14202898550724638
6,2,OK,,0.1778279410038923,6,-1.984363105505875,1.2183965715013545,0.40108059581743793,0.8024948024948025,0.10821046643926271,0.1492566217282092,0.3460065684798251,0.4387158037346488,1.124944011721694,0.14942528735632185,0.13953488372093023
6,3,OK,,0.1778279410038923,6,-2.215912626771496,1.250022756761701,0.40717882669637057,0.8051801801801802,0.10280994841431577,0.1437578995259826,0.3304947810532032,0.15394949832551486,1.1821452402226202,0.13953488372093023,0.14202898550724638
6,4,OK,,0.1,6,-1.9991049307567967,1.0920583320594675,0.3182108970605348,0.7387387387387387,0.11017597158962134,0.08241073173686153,0.35871715259786996,0.027702663034826214,1.0117366782825887,0.13953488372093023,0.14202898550724638
6,5,OK,,0.5623413251903491,6,-1.9127230188226771,1.6466363577073524,0.4101957461592976,0.8141891891891893,0.10114757500995145,0.15760280575810037,0.3146601404541082,-0.16409655229799727,0.974439968603256,0.13953488372093023,0.14202898550724638
7,1,OK,,0.1778279410038923,6,-1.928100618647891,1.2946159400482233,0.35783216945497653,0.7984234234234234,0.10459820890708932,0.12886455560213816,0.33376512214523635,0.18320642680613503,1.174548262495966,0.13953488372093023,0.14202898550724638
7,2,OK,,0.1778279410038923,6,-2.117017440101158,1.2059487330200902,0.4723552455170102,0.8445945945945946,0.09781354940762968,0.18536989570217666,0.3100410251708693,0.857035100897924,1.5096320151471305,0.13953488372093023,0.14202898550724638
7,3,OK,,0.1778279410038923,6,-1.9838937530636047,1.2091322140885805,0.40623689032180343,0.8265765765765767,0.10169567262566248,0.15303803103561964,0.3234882421918917,0.5660786363571252,1.2875248346358148,0.13953488372093023,0.14202898550724638
7,4,OK,,0.1778279410038923,6,-2.0402670405819565,1.2682903276791435,0.3777863697049113,0.7668918918918919,0.1071331519370459,0.10775254282488289,0.3456679128154301,-0.23038483776425875,0.9067555814626187,0.13953488372093023,0.14202898550724638
7,5,OK,,0.31622776601683794,6,-2.104260448023367,1.4255329964910208,0.38191738866665725,0.7941787941787941,0.10916004261718851,0.14179111795470456,0.3434492875117682,0.07015178782618155,1.0956239185593308,0.14942528735632185,0.13953488372093023
8,1,OK,,0.1778279410038923,6,-2.0199705565243358,1.2080983075532499,0.48722542138021896,0.8412162162162161,0.09706064283903526,0.19164040076221212,0.30970688161768106,0.7147638656485156,1.5528440699700954,0.13953488372093023,0.14202898550724638
8,2,OK,,0.1,6,-1.9204496173798835,0.9976854157203072,0.5237450816302561,0.8783783783783785,0.09611196048289895,0.1995414043696382,0.30963976542208366,1.9078163122965623,2.2205326932973835,0.13953488372093023,0.14202898550724638
8,3,OK,,0.1778279410038923,6,-2.0294158731803043,1.229451337084902,0.44336518565427235,0.8434684684684685,0.09860453942615482,0.17878221653919746,0.3156487837589547,0.9305841472864113,1.5775244080459383,0.13953488372093023,0.14202898550724638
8,4,OK,,0.1778279410038923,6,-1.964415196891118,1.3125903877720901,0.3421531899473076,0.7396049896049897,0.11694627981525395,0.08057624701035193,0.37175684210183396,-0.19705110510573748,0.8390078102324169,0.14942528735632185,0.13953488372093023
8,5,OK,,0.1778279410038923,6,-2.1805684027156778,1.3413466488068366,0.3103487803356619,0.7567567567567568,0.11280076474225093,0.060550411437309326,0.3552582769325777,-0.4243661201616845,0.8119007968203703,0.13953488372093023,0.14202898550724638
9,1,OK,,0.1,6,-2.0189748357147317,1.0007546487394061,0.48113275613275613,0.8738738738738738,0.09702179439432405,0.19196394604564726,0.312912782663753,2.107441899871465,2.6160577727374648,0.13953488372093023,0.14202898550724638
9,2,OK,,0.31622776601683794,6,-2.0722466546394287,1.4053315590522915,0.3957661701693532,0.8128898128898129,0.10884244335563405,0.1442880618973973,0.3405580910095966,0.09500959182913808,0.959053667638534,0.14942528735632185,0.13953488372093023
9,3,OK,,0.1,6,-1.911311399945631,1.018689275207605,0.46371370216128127,0.8468468468468469,0.09994678216839452,0.16760348566064664,0.3216809550251561,1.1786444185765363,1.8063196777256452,0.13953488372093023,0.14202898550724638
9,4,OK,,0.31622776601683794,6,-2.272224379704485,1.6968277427287481,0.23470650376168484,0.6981981981981982,0.1269285760897563,-0.057111614950831724,0.4045694024425888,-0.7789664626828828,0.4575351198073238,0.13953488372093023,0.14202898550724638
9,5,OK,,0.1,6,-1.9451530654140818,1.068353491297024,0.4036986183543387,0.7826576576576577,0.10545980439148633,0.12168884606529429,0.3420581484446553,0.25629800847355155,1.313420335505822,0.13953488372093023,0.14202898550724638
10,1,OK,,0.31622776601683794,6,-1.9298490612994625,1.4040951900486713,0.5362442101308498,0.8461538461538463,0.10060909822682797,0.20901806519416322,0.31889632028005926,0.5327724355776605,1.402992542654406,0.14942528735632185,0.13953488372093023
10,2,OK,,0.31622776601683794,6,-2.2841947423020894,1.4497827799523244,0.4317035723354505,0.7747747747747746,0.1091556119896318,0.09090869191103701,0.354611587718698,-0.379855493754692,0.7690972099090629,0.13953488372093023,0.14202898550724638
10,3,OK,,0.1,6,-1.96988226221472,1.1018140156018912,0.28268221703756297,0.7308558558558559,0.11120843244854034,0.07381198747005746,0.3583297627420236,0.11639336016322763,1.044476317630942,0.13953488372093023,0.14202898550724638
10,4,OK,,0.1778279410038923,6,-2.0674965748472798,1.1878338777488353,0.36082047432853886,0.8445945945945946,0.10043207846454437,0.1635617452806879,0.3142747570142086,1.0689247968219953,1.8056282751667825,0.13953488372093023,0.14202898550724638
10,5,OK,,0.1778279410038923,6,-1.9419630156918055,1.2588110860580757,0.35591257720568065,0.8434684684684685,0.10397813573579386,0.13402877134999558,0.3197521950767401,0.19639751781712972,1.147415956808667,0.13953488372093023,0.14202898550724638
