exposure,exposure_class,row_type,level,reference_level,model_variant,comparison,n,events,non_events,unique_subject_groups,adjusted_or,adjusted_ci_low,adjusted_ci_high,adjusted_p,fit_status,separation_status,support_status,caution_flag,caution_reason,notes,bh_q,in_bh_family,missingness_loss_n,missingness_loss_pct
adenomyosis,STANDARD_ADJUSTED_MODEL_FEASIBLE,source,,,PRIMARY,value 1 = adenomyosis present (QA rule: sonographic feature codes 1-10 present -> must be 1) vs value 0 = disease absence (no adenomyosis),431,61,370,430,1.0856414759242976,0.5969699627048402,1.9743328607470167,0.7877054704500397,OK,none,OK,False,,,0.8413429320487512,True,0,0.0
adenomyosis,STANDARD_ADJUSTED_MODEL_FEASIBLE,source,,,SENSITIVITY_IVF,value 1 = adenomyosis present (QA rule: sonographic feature codes 1-10 present -> must be 1) vs value 0 = disease absence (no adenomyosis),431,61,370,430,1.1189838773408551,0.6130015342284437,2.042613024329156,0.7142669888551518,OK,none,OK,False,,,,False,0,0.0
adenomyosis_feature_1,STANDARD_ADJUSTED_MODEL_FEASIBLE,source,,,PRIMARY,value 1 vs value 0,431,61,370,430,1.2165291108515264,0.5593952998221157,2.6456122853013215,0.6209721084043451,OK,none,OK,False,,,0.8413429320487512,True,0,0.0
adenomyosis_feature_1,STANDARD_ADJUSTED_MODEL_FEASIBLE,source,,,SENSITIVITY_IVF,value 1 vs value 0,431,61,370,430,1.1722282986611061,0.5326281084627388,2.5798848433813757,0.6929740362549155,OK,none,OK,False,,,,False,0,0.0
adenomyosis_feature_10,STANDARD_ADJUSTED_MODEL_HIGH_CAUTION,source,,,PRIMARY,value 1 vs value 0,431,61,370,430,0.5565967267860559,0.05916720971650418,5.23600686517646,0.6084210578254221,OK,none,SPARSE_EXPLORATORY,True,Only 1 exposed event despite 10 exposed unique subjects (10-19 band).,,0.8413429320487512,True,0,0.0
adenomyosis_feature_10,STANDARD_ADJUSTED_MODEL_HIGH_CAUTION,source,,,SENSITIVITY_IVF,value 1 vs value 0,431,61,370,430,0.6275036931459171,0.06761674131892036,5.823422975303664,0.6818329761023392,OK,none,SPARSE_EXPLORATORY,True,Only 1 exposed event despite 10 exposed unique subjects (10-19 band).,,,False,0,0.0
adenomyosis_feature_11,STANDARD_ADJUSTED_MODEL_NOT_DEFENSIBLE,source,,,PRIMARY,not fitted (class C -- STANDARD_ADJUSTED_MODEL_NOT_DEFENSIBLE),431,61,370,430,,,,,NOT_FITTED,other,INSUFFICIENT_SUPPORT,True,"Complete/structural separation -- exposed N=1, that 1 row is an event (zero non-event cell).",Class C exposure: never fit with ordinary adjusted logistic regression per the approved design lock.,,False,0,0.0
adenomyosis_feature_11,STANDARD_ADJUSTED_MODEL_NOT_DEFENSIBLE,source,,,SENSITIVITY_IVF,not fitted (class C -- STANDARD_ADJUSTED_MODEL_NOT_DEFENSIBLE),431,61,370,430,,,,,NOT_FITTED,other,INSUFFICIENT_SUPPORT,True,"Complete/structural separation -- exposed N=1, that 1 row is an event (zero non-event cell).",Class C exposure: never fit with ordinary adjusted logistic regression per the approved design lock.,,False,0,0.0
adenomyosis_feature_2,STANDARD_ADJUSTED_MODEL_HIGH_CAUTION,source,,,PRIMARY,value 1 vs value 0,431,61,370,430,1.4485868781433022,0.1962703431755966,10.691395906163907,0.716321882872087,OK,none,SPARSE_EXPLORATORY,True,Exposed group has only 1 exposed event despite 6 exposed unique subjects (5-9 band) -- adjusted-OR precision would rest on an extremely thin event margin.,,0.8413429320487512,True,0,0.0
adenomyosis_feature_2,STANDARD_ADJUSTED_MODEL_HIGH_CAUTION,source,,,SENSITIVITY_IVF,value 1 vs value 0,431,61,370,430,1.756834178284497,0.22961304130000404,13.442034095772017,0.5872888913970424,OK,none,SPARSE_EXPLORATORY,True,Exposed group has only 1 exposed event despite 6 exposed unique subjects (5-9 band) -- adjusted-OR precision would rest on an extremely thin event margin.,,,False,0,0.0
adenomyosis_feature_3,STANDARD_ADJUSTED_MODEL_FEASIBLE,source,,,PRIMARY,value 1 vs value 0,431,61,370,430,1.1173744115885658,0.45437262201379625,2.7478010671932256,0.8089835885084146,OK,none,OK,False,,,0.8413429320487512,True,0,0.0
adenomyosis_feature_3,STANDARD_ADJUSTED_MODEL_FEASIBLE,source,,,SENSITIVITY_IVF,value 1 vs value 0,431,61,370,430,1.145709011702913,0.46901206536677914,2.798753457377991,0.7653249231406495,OK,none,OK,False,,,,False,0,0.0
adenomyosis_feature_4,STANDARD_ADJUSTED_MODEL_HIGH_CAUTION,source,,,PRIMARY,value 1 vs value 0,431,61,370,430,0.2522795455879837,0.05491532983995177,1.1589654347441767,0.0766727885431994,OK,none,SPARSE_EXPLORATORY,True,Exposed group has only 2 exposed events despite 39 exposed unique subjects (>=20 band) -- subject count alone does not guarantee estimable precision when the exposed-event margin is this thin.,,0.5096800768732609,True,0,0.0
adenomyosis_feature_4,STANDARD_ADJUSTED_MODEL_HIGH_CAUTION,source,,,SENSITIVITY_IVF,value 1 vs value 0,431,61,370,430,0.2666376830708653,0.05763325317260665,1.233587384360793,0.09076846565846841,OK,none,SPARSE_EXPLORATORY,True,Exposed group has only 2 exposed events despite 39 exposed unique subjects (>=20 band) -- subject count alone does not guarantee estimable precision when the exposed-event margin is this thin.,,,False,0,0.0
adenomyosis_feature_5,STANDARD_ADJUSTED_MODEL_HIGH_CAUTION,source,,,PRIMARY,value 1 vs value 0,431,61,370,430,0.2558535676428113,0.037555121933422524,1.743065784518115,0.16380224454361159,OK,none,SPARSE_EXPLORATORY,True,Only 1 exposed event despite 22 exposed unique subjects (>=20 band).,,0.6391948902721767,True,0,0.0
adenomyosis_feature_5,STANDARD_ADJUSTED_MODEL_HIGH_CAUTION,source,,,SENSITIVITY_IVF,value 1 vs value 0,431,61,370,430,0.28601168483003464,0.0413407702737151,1.978741163207742,0.20465275835266128,OK,none,SPARSE_EXPLORATORY,True,Only 1 exposed event despite 22 exposed unique subjects (>=20 band).,,,False,0,0.0
adenomyosis_feature_6,STANDARD_ADJUSTED_MODEL_NOT_DEFENSIBLE,source,,,PRIMARY,not fitted (class C -- STANDARD_ADJUSTED_MODEL_NOT_DEFENSIBLE),431,61,370,430,,,,,NOT_FITTED,other,INSUFFICIENT_SUPPORT,True,"Complete/structural separation -- exposed N=4, zero exposed events (zero event cell).",Class C exposure: never fit with ordinary adjusted logistic regression per the approved design lock.,,False,0,0.0
adenomyosis_feature_6,STANDARD_ADJUSTED_MODEL_NOT_DEFENSIBLE,source,,,SENSITIVITY_IVF,not fitted (class C -- STANDARD_ADJUSTED_MODEL_NOT_DEFENSIBLE),431,61,370,430,,,,,NOT_FITTED,other,INSUFFICIENT_SUPPORT,True,"Complete/structural separation -- exposed N=4, zero exposed events (zero event cell).",Class C exposure: never fit with ordinary adjusted logistic regression per the approved design lock.,,False,0,0.0
adenomyosis_feature_7,STANDARD_ADJUSTED_MODEL_NOT_DEFENSIBLE,source,,,PRIMARY,not fitted (class C -- STANDARD_ADJUSTED_MODEL_NOT_DEFENSIBLE),431,61,370,430,,,,,NOT_FITTED,other,INSUFFICIENT_SUPPORT,True,"Complete/structural separation -- exposed N=1, that 1 row is an event (zero non-event cell).",Class C exposure: never fit with ordinary adjusted logistic regression per the approved design lock.,,False,0,0.0
adenomyosis_feature_7,STANDARD_ADJUSTED_MODEL_NOT_DEFENSIBLE,source,,,SENSITIVITY_IVF,not fitted (class C -- STANDARD_ADJUSTED_MODEL_NOT_DEFENSIBLE),431,61,370,430,,,,,NOT_FITTED,other,INSUFFICIENT_SUPPORT,True,"Complete/structural separation -- exposed N=1, that 1 row is an event (zero non-event cell).",Class C exposure: never fit with ordinary adjusted logistic regression per the approved design lock.,,False,0,0.0
adenomyosis_feature_8,STANDARD_ADJUSTED_MODEL_NOT_DEFENSIBLE,source,,,PRIMARY,not fitted (class C -- STANDARD_ADJUSTED_MODEL_NOT_DEFENSIBLE),431,61,370,430,,,,,NOT_FITTED,other,INSUFFICIENT_SUPPORT,True,"Complete/structural separation -- exposed N=1, zero exposed events (zero event cell).",Class C exposure: never fit with ordinary adjusted logistic regression per the approved design lock.,,False,0,0.0
adenomyosis_feature_8,STANDARD_ADJUSTED_MODEL_NOT_DEFENSIBLE,source,,,SENSITIVITY_IVF,not fitted (class C -- STANDARD_ADJUSTED_MODEL_NOT_DEFENSIBLE),431,61,370,430,,,,,NOT_FITTED,other,INSUFFICIENT_SUPPORT,True,"Complete/structural separation -- exposed N=1, zero exposed events (zero event cell).",Class C exposure: never fit with ordinary adjusted logistic regression per the approved design lock.,,False,0,0.0
adenomyosis_feature_9,STANDARD_ADJUSTED_MODEL_NOT_DEFENSIBLE,source,,,PRIMARY,not fitted (class C -- STANDARD_ADJUSTED_MODEL_NOT_DEFENSIBLE),431,61,370,430,,,,,NOT_FITTED,other,INSUFFICIENT_SUPPORT,True,Ultra-rare exposed group (4 unique subjects) -- not scientifically reliable regardless of convergence.,Class C exposure: never fit with ordinary adjusted logistic regression per the approved design lock.,,False,0,0.0
adenomyosis_feature_9,STANDARD_ADJUSTED_MODEL_NOT_DEFENSIBLE,source,,,SENSITIVITY_IVF,not fitted (class C -- STANDARD_ADJUSTED_MODEL_NOT_DEFENSIBLE),431,61,370,430,,,,,NOT_FITTED,other,INSUFFICIENT_SUPPORT,True,Ultra-rare exposed group (4 unique subjects) -- not scientifically reliable regardless of convergence.,Class C exposure: never fit with ordinary adjusted logistic regression per the approved design lock.,,False,0,0.0
adenomyosis_features_unknown,STANDARD_ADJUSTED_MODEL_FEASIBLE,source,,,PRIMARY,value 1 vs value 0,431,61,370,430,0.8549401275408944,0.3235345332143119,2.259179613433944,0.7519183095555902,OK,none,OK,False,,,0.8413429320487512,True,0,0.0
adenomyosis_features_unknown,STANDARD_ADJUSTED_MODEL_FEASIBLE,source,,,SENSITIVITY_IVF,value 1 vs value 0,431,61,370,430,0.8580754358932933,0.3210705288560562,2.2932452140867894,0.7602313724005711,OK,none,OK,False,,,,False,0,0.0
bladder_lesion_resected,STANDARD_ADJUSTED_MODEL_HIGH_CAUTION,source,,,PRIMARY,value 1 vs value 0,431,61,370,430,1.2347941169563368,0.2846379423087244,5.3566875129255935,0.7781806339230645,OK,none,SPARSE_EXPLORATORY,True,Binary operative-finding indicator: contrast is finding/procedure present vs a heterogeneous value-0 group containing both operated-negative and never-operated women.,,0.8413429320487512,True,0,0.0
bladder_lesion_resected,STANDARD_ADJUSTED_MODEL_HIGH_CAUTION,source,,,SENSITIVITY_IVF,value 1 vs value 0,431,61,370,430,1.2826128946996371,0.28841696349917556,5.703880304718918,0.7437343783325148,OK,none,SPARSE_EXPLORATORY,True,Binary operative-finding indicator: contrast is finding/procedure present vs a heterogeneous value-0 group containing both operated-negative and never-operated women.,,,False,0,0.0
bowel_lesion_resected,STANDARD_ADJUSTED_MODEL_HIGH_CAUTION,source,,,PRIMARY,value 1 vs value 0,431,61,370,430,1.0026522815190166,0.37962835602315975,2.6481467511187673,0.9957350231032143,OK,none,OK,True,Binary operative-finding indicator: contrast is finding/procedure present vs a heterogeneous value-0 group containing both operated-negative and never-operated women.,,0.9957350231032144,True,0,0.0
bowel_lesion_resected,STANDARD_ADJUSTED_MODEL_HIGH_CAUTION,source,,,SENSITIVITY_IVF,value 1 vs value 0,431,61,370,430,1.1006415543911048,0.4155634518531452,2.915106768534026,0.8469889191560712,OK,none,OK,True,Binary operative-finding indicator: contrast is finding/procedure present vs a heterogeneous value-0 group containing both operated-negative and never-operated women.,,,False,0,0.0
cs_scar_endometriosis,STANDARD_ADJUSTED_MODEL_HIGH_CAUTION,source,,,PRIMARY,value 1 vs value 0,431,61,370,430,5.615573411297285,1.6408845161938406,19.218089040669437,0.00597942745330024,OK,none,OK,True,Binary operative-finding indicator: contrast is finding/procedure present vs a heterogeneous value-0 group containing both operated-negative and never-operated women.,,0.15546511378580624,True,0,0.0
cs_scar_endometriosis,STANDARD_ADJUSTED_MODEL_HIGH_CAUTION,source,,,SENSITIVITY_IVF,value 1 vs value 0,431,61,370,430,6.112720214232169,1.894676640292753,19.721227159748555,0.0024513997485735603,OK,none,OK,True,Binary operative-finding indicator: contrast is finding/procedure present vs a heterogeneous value-0 group containing both operated-negative and never-operated women.,,,False,0,0.0
deep_endometriosis,STANDARD_ADJUSTED_MODEL_FEASIBLE,source,,,PRIMARY,value 1 vs value 0,431,61,370,430,0.7379605016917524,0.40351825021607113,1.3495937340269857,0.3238509700872432,OK,none,OK,False,,,0.7016771018556934,True,0,0.0
deep_endometriosis,STANDARD_ADJUSTED_MODEL_FEASIBLE,source,,,SENSITIVITY_IVF,value 1 vs value 0,431,61,370,430,0.7737659619738576,0.41899212238355404,1.4289379965030804,0.41249425175558674,OK,none,OK,False,,,,False,0,0.0
derived_endo_surgery_adhesion_status,STANDARD_ADJUSTED_MODEL_FEASIBLE,source,,no_prior_endo_surgery,PRIMARY,categorical source-level omnibus (cluster-robust Wald),431,61,370,430,,,,0.30344850599153933,OK,none,SEE_LEVEL_SUPPORT,False,,,0.7016771018556934,True,0,0.0
derived_endo_surgery_adhesion_status,STANDARD_ADJUSTED_MODEL_FEASIBLE,level,prior_surgery_without_documented_adhesions,no_prior_endo_surgery,PRIMARY,prior_surgery_without_documented_adhesions vs. no_prior_endo_surgery,86,13,73,85,1.1103773267580395,0.5151913699479583,2.3931647145076873,0.7892944608178213,OK,none,OK,False,,,,False,345,80.04640371229698
derived_endo_surgery_adhesion_status,STANDARD_ADJUSTED_MODEL_FEASIBLE,level,prior_surgery_with_documented_adhesions,no_prior_endo_surgery,PRIMARY,prior_surgery_with_documented_adhesions vs. no_prior_endo_surgery,136,17,119,136,0.6221029713303838,0.3146980446723964,1.2297887244293988,0.17222556855084137,OK,none,OK,False,,,,False,295,68.44547563805105
derived_endo_surgery_adhesion_status,STANDARD_ADJUSTED_MODEL_FEASIBLE,source,,no_prior_endo_surgery,SENSITIVITY_IVF,categorical source-level omnibus (cluster-robust Wald),431,61,370,430,,,,0.4001709611242199,OK,none,SEE_LEVEL_SUPPORT,False,,,,False,0,0.0
derived_endo_surgery_adhesion_status,STANDARD_ADJUSTED_MODEL_FEASIBLE,level,prior_surgery_without_documented_adhesions,no_prior_endo_surgery,SENSITIVITY_IVF,prior_surgery_without_documented_adhesions vs. no_prior_endo_surgery,86,13,73,85,1.1509555493047507,0.5255504194518077,2.520592939222026,0.725199088836416,OK,none,OK,False,,,,False,345,80.04640371229698
derived_endo_surgery_adhesion_status,STANDARD_ADJUSTED_MODEL_FEASIBLE,level,prior_surgery_with_documented_adhesions,no_prior_endo_surgery,SENSITIVITY_IVF,prior_surgery_with_documented_adhesions vs. no_prior_endo_surgery,136,17,119,136,0.6695311192221727,0.3265675167276082,1.3726776138019916,0.27342609223677683,OK,none,OK,False,,,,False,295,68.44547563805105
derived_prior_endo_surgery_procedure_status,STANDARD_ADJUSTED_MODEL_FEASIBLE,source,,no_prior_endo_surgery,PRIMARY,categorical source-level omnibus (cluster-robust Wald),431,61,370,430,,,,0.07841231951896321,OK,none,SEE_LEVEL_SUPPORT,False,,,0.5096800768732609,True,0,0.0
derived_prior_endo_surgery_procedure_status,STANDARD_ADJUSTED_MODEL_FEASIBLE,level,prior_surgery_no_selected_procedure_documented,no_prior_endo_surgery,PRIMARY,prior_surgery_no_selected_procedure_documented vs. no_prior_endo_surgery,13,5,8,13,2.7670993795104506,0.7764024194009465,9.861946311289131,0.11649516118415475,OK,none,OK,False,,,,False,418,96.98375870069606
derived_prior_endo_surgery_procedure_status,STANDARD_ADJUSTED_MODEL_FEASIBLE,level,prior_surgery_with_selected_procedure_documented,no_prior_endo_surgery,PRIMARY,prior_surgery_with_selected_procedure_documented vs. no_prior_endo_surgery,209,25,184,208,0.6837125494311822,0.3736490127058133,1.2510747636251252,0.2174468118247631,OK,none,OK,False,,,,False,222,51.50812064965197
derived_prior_endo_surgery_procedure_status,STANDARD_ADJUSTED_MODEL_FEASIBLE,source,,no_prior_endo_surgery,SENSITIVITY_IVF,categorical source-level omnibus (cluster-robust Wald),431,61,370,430,,,,0.13989095058877127,OK,none,SEE_LEVEL_SUPPORT,False,,,,False,0,0.0
derived_prior_endo_surgery_procedure_status,STANDARD_ADJUSTED_MODEL_FEASIBLE,level,prior_surgery_no_selected_procedure_documented,no_prior_endo_surgery,SENSITIVITY_IVF,prior_surgery_no_selected_procedure_documented vs. no_prior_endo_surgery,13,5,8,13,2.6722275158356767,0.7404767566901443,9.643516601801196,0.1333294889382576,OK,none,OK,False,,,,False,418,96.98375870069606
derived_prior_endo_surgery_procedure_status,STANDARD_ADJUSTED_MODEL_FEASIBLE,level,prior_surgery_with_selected_procedure_documented,no_prior_endo_surgery,SENSITIVITY_IVF,prior_surgery_with_selected_procedure_documented vs. no_prior_endo_surgery,209,25,184,208,0.7157510713233061,0.3747517066045717,1.3670373932173328,0.31107782214393265,OK,none,OK,False,,,,False,222,51.50812064965197
endo_resection_adhesiolysis,STANDARD_ADJUSTED_MODEL_HIGH_CAUTION,source,,,PRIMARY,value 1 vs value 0,431,61,370,430,0.6637199561396327,0.35082234980432997,1.2556901817221648,0.2076534326739442,OK,none,OK,True,Binary operative-finding indicator: contrast is finding/procedure present vs a heterogeneous value-0 group containing both operated-negative and never-operated women.,,0.6391948902721767,True,0,0.0
endo_resection_adhesiolysis,STANDARD_ADJUSTED_MODEL_HIGH_CAUTION,source,,,SENSITIVITY_IVF,value 1 vs value 0,431,61,370,430,0.7114020635869918,0.3637581287625889,1.3912895851906526,0.31973102849639945,OK,none,OK,True,Binary operative-finding indicator: contrast is finding/procedure present vs a heterogeneous value-0 group containing both operated-negative and never-operated women.,,,False,0,0.0
endo_resection_adnexa,STANDARD_ADJUSTED_MODEL_HIGH_CAUTION,source,,,PRIMARY,value 1 vs value 0,431,61,370,430,0.5518267718362717,0.05129886347535462,5.936053266785083,0.623772676120499,OK,none,SPARSE_EXPLORATORY,True,"Binary operative-finding indicator population/contrast caveat, reinforced by only 1 exposed event despite 11 exposed unique subjects (10-19 band).",,0.8413429320487512,True,0,0.0
endo_resection_adnexa,STANDARD_ADJUSTED_MODEL_HIGH_CAUTION,source,,,SENSITIVITY_IVF,value 1 vs value 0,431,61,370,430,0.5291369112612215,0.043281923728549866,6.468886933377685,0.6182633753626605,OK,none,SPARSE_EXPLORATORY,True,"Binary operative-finding indicator population/contrast caveat, reinforced by only 1 exposed event despite 11 exposed unique subjects (10-19 band).",,,False,0,0.0
endo_resection_appendix,STANDARD_ADJUSTED_MODEL_NOT_DEFENSIBLE,source,,,PRIMARY,not fitted (class C -- STANDARD_ADJUSTED_MODEL_NOT_DEFENSIBLE),431,61,370,430,,,,,NOT_FITTED,other,INSUFFICIENT_SUPPORT,True,Ultra-rare exposed group (4 unique subjects) -- not scientifically reliable regardless of convergence.,Class C exposure: never fit with ordinary adjusted logistic regression per the approved design lock.,,False,0,0.0
endo_resection_appendix,STANDARD_ADJUSTED_MODEL_NOT_DEFENSIBLE,source,,,SENSITIVITY_IVF,not fitted (class C -- STANDARD_ADJUSTED_MODEL_NOT_DEFENSIBLE),431,61,370,430,,,,,NOT_FITTED,other,INSUFFICIENT_SUPPORT,True,Ultra-rare exposed group (4 unique subjects) -- not scientifically reliable regardless of convergence.,Class C exposure: never fit with ordinary adjusted logistic regression per the approved design lock.,,False,0,0.0
endo_resection_epiploica,STANDARD_ADJUSTED_MODEL_NOT_DEFENSIBLE,source,,,PRIMARY,not fitted (class C -- STANDARD_ADJUSTED_MODEL_NOT_DEFENSIBLE),431,61,370,430,,,,,NOT_FITTED,other,INSUFFICIENT_SUPPORT,True,"Complete/structural separation -- exposed N=1, zero exposed events (zero event cell).",Class C exposure: never fit with ordinary adjusted logistic regression per the approved design lock.,,False,0,0.0
endo_resection_epiploica,STANDARD_ADJUSTED_MODEL_NOT_DEFENSIBLE,source,,,SENSITIVITY_IVF,not fitted (class C -- STANDARD_ADJUSTED_MODEL_NOT_DEFENSIBLE),431,61,370,430,,,,,NOT_FITTED,other,INSUFFICIENT_SUPPORT,True,"Complete/structural separation -- exposed N=1, zero exposed events (zero event cell).",Class C exposure: never fit with ordinary adjusted logistic regression per the approved design lock.,,False,0,0.0
endo_resection_fallopian_tube,STANDARD_ADJUSTED_MODEL_HIGH_CAUTION,source,,,PRIMARY,value 1 vs value 0,431,61,370,430,0.2982808168429457,0.08020417035435325,1.1093119634977413,0.07104938441207377,OK,none,SPARSE_EXPLORATORY,True,"Binary operative-finding indicator population/contrast caveat, reinforced by only 2 exposed events despite 27 exposed unique subjects.",,0.5096800768732609,True,0,0.0
endo_resection_fallopian_tube,STANDARD_ADJUSTED_MODEL_HIGH_CAUTION,source,,,SENSITIVITY_IVF,value 1 vs value 0,431,61,370,430,0.32424772352306347,0.0858451085593132,1.2247242501562767,0.0967139563559412,OK,none,SPARSE_EXPLORATORY,True,"Binary operative-finding indicator population/contrast caveat, reinforced by only 2 exposed events despite 27 exposed unique subjects.",,,False,0,0.0
endo_resection_lesion,STANDARD_ADJUSTED_MODEL_HIGH_CAUTION,source,,,PRIMARY,value 1 vs value 0,431,61,370,430,0.6326234443721068,0.3447877591332791,1.1607500897806653,0.1392484508400493,OK,none,OK,True,"Binary operative-finding indicator population/contrast caveat (support itself is ample: 173 exposed subjects, 21 exposed events -- caution is about contrast definition, not sparsity).",,0.6391948902721767,True,0,0.0
endo_resection_lesion,STANDARD_ADJUSTED_MODEL_HIGH_CAUTION,source,,,SENSITIVITY_IVF,value 1 vs value 0,431,61,370,430,0.6715062198106042,0.3586014877639229,1.2574420871928471,0.2134146289347304,OK,none,OK,True,"Binary operative-finding indicator population/contrast caveat (support itself is ample: 173 exposed subjects, 21 exposed events -- caution is about contrast definition, not sparsity).",,,False,0,0.0
endo_resection_no_resection,STANDARD_ADJUSTED_MODEL_HIGH_CAUTION,source,,,PRIMARY,value 1 vs value 0,431,61,370,430,2.7180247152828265,0.5136283434382929,14.383276248803513,0.23950529823167443,OK,none,SPARSE_EXPLORATORY,True,"Binary operative-finding indicator population/contrast caveat, reinforced by only 7 exposed unique subjects (5-9 band).",,0.6391948902721767,True,0,0.0
endo_resection_no_resection,STANDARD_ADJUSTED_MODEL_HIGH_CAUTION,source,,,SENSITIVITY_IVF,value 1 vs value 0,431,61,370,430,2.4736023587474736,0.4425958851085034,13.82459447787466,0.3022755286254418,OK,none,SPARSE_EXPLORATORY,True,"Binary operative-finding indicator population/contrast caveat, reinforced by only 7 exposed unique subjects (5-9 band).",,,False,0,0.0
endo_resection_ovarian_endometrioma_bilateral,STANDARD_ADJUSTED_MODEL_HIGH_CAUTION,source,,,PRIMARY,value 1 vs value 0,431,61,370,430,0.37614305383134156,0.08046810321748478,1.758256890474644,0.21396730917015339,OK,none,SPARSE_EXPLORATORY,True,"Binary operative-finding indicator population/contrast caveat, reinforced by only 2 exposed events despite 27 exposed unique subjects.",,0.6391948902721767,True,0,0.0
endo_resection_ovarian_endometrioma_bilateral,STANDARD_ADJUSTED_MODEL_HIGH_CAUTION,source,,,SENSITIVITY_IVF,value 1 vs value 0,431,61,370,430,0.38432608400726587,0.08423421704606218,1.7535218350470205,0.21691670429895837,OK,none,SPARSE_EXPLORATORY,True,"Binary operative-finding indicator population/contrast caveat, reinforced by only 2 exposed events despite 27 exposed unique subjects.",,,False,0,0.0
endo_resection_ovarian_endometrioma_unilateral,STANDARD_ADJUSTED_MODEL_HIGH_CAUTION,source,,,PRIMARY,value 1 vs value 0,431,61,370,430,0.823581547176531,0.40492475603480266,1.6750928530321587,0.5920797925392732,OK,none,OK,True,"Binary operative-finding indicator population/contrast caveat (support ample: 82 exposed subjects, 11 exposed events).",,0.8413429320487512,True,0,0.0
endo_resection_ovarian_endometrioma_unilateral,STANDARD_ADJUSTED_MODEL_HIGH_CAUTION,source,,,SENSITIVITY_IVF,value 1 vs value 0,431,61,370,430,0.8749701380528796,0.4209675533328134,1.8186027317858864,0.7204879099981565,OK,none,OK,True,"Binary operative-finding indicator population/contrast caveat (support ample: 82 exposed subjects, 11 exposed events).",,,False,0,0.0
endo_resection_uterus,STANDARD_ADJUSTED_MODEL_NOT_DEFENSIBLE,source,,,PRIMARY,not fitted (class C -- STANDARD_ADJUSTED_MODEL_NOT_DEFENSIBLE),431,61,370,430,,,,,NOT_FITTED,other,INSUFFICIENT_SUPPORT,True,"Complete/structural separation -- exposed N=9, zero exposed events (zero event cell).",Class C exposure: never fit with ordinary adjusted logistic regression per the approved design lock.,,False,0,0.0
endo_resection_uterus,STANDARD_ADJUSTED_MODEL_NOT_DEFENSIBLE,source,,,SENSITIVITY_IVF,not fitted (class C -- STANDARD_ADJUSTED_MODEL_NOT_DEFENSIBLE),431,61,370,430,,,,,NOT_FITTED,other,INSUFFICIENT_SUPPORT,True,"Complete/structural separation -- exposed N=9, zero exposed events (zero event cell).",Class C exposure: never fit with ordinary adjusted logistic regression per the approved design lock.,,False,0,0.0
endometrioma,STANDARD_ADJUSTED_MODEL_FEASIBLE,source,,,PRIMARY,value 1 vs value 0,431,61,370,430,0.7069644202946145,0.39359200397783284,1.269839545801975,0.2458441885662218,OK,none,OK,False,,,0.6391948902721767,True,0,0.0
endometrioma,STANDARD_ADJUSTED_MODEL_FEASIBLE,source,,,SENSITIVITY_IVF,value 1 vs value 0,431,61,370,430,0.7379800736972688,0.4113826472475441,1.3238637867156116,0.3081900219187277,OK,none,OK,False,,,,False,0,0.0
endometrioma_presence_laterality,STANDARD_ADJUSTED_MODEL_NOT_DEFENSIBLE,source,,none,PRIMARY,not fitted (class C -- STANDARD_ADJUSTED_MODEL_NOT_DEFENSIBLE),431,61,370,430,,,,,NOT_FITTED,other,INSUFFICIENT_SUPPORT,True,Categorical level 'laterality_unknown' (N=5) has zero events -- complete separation for that level.,Class C exposure: never fit with ordinary adjusted logistic regression per the approved design lock.,,False,0,0.0
endometrioma_presence_laterality,STANDARD_ADJUSTED_MODEL_NOT_DEFENSIBLE,source,,none,SENSITIVITY_IVF,not fitted (class C -- STANDARD_ADJUSTED_MODEL_NOT_DEFENSIBLE),431,61,370,430,,,,,NOT_FITTED,other,INSUFFICIENT_SUPPORT,True,Categorical level 'laterality_unknown' (N=5) has zero events -- complete separation for that level.,Class C exposure: never fit with ordinary adjusted logistic regression per the approved design lock.,,False,0,0.0
endometrioma_size_status,STANDARD_ADJUSTED_MODEL_HIGH_CAUTION,source,,no_endometrioma,PRIMARY,categorical source-level omnibus (cluster-robust Wald),431,61,370,430,,,,0.4784970930802498,OK,none,SEE_LEVEL_SUPPORT,True,"Multi-parameter categorical model with limited event information (events-per-parameter ~8.71, informational 10-EPP guideline, non-binding).",,0.8293949613390996,True,0,0.0
endometrioma_size_status,STANDARD_ADJUSTED_MODEL_HIGH_CAUTION,level,endometrioma_less_than_30mm,no_endometrioma,PRIMARY,endometrioma_less_than_30mm vs. no_endometrioma,67,5,62,67,0.4547435003857914,0.16254040303271622,1.2722476829437859,0.1332914474113266,OK,none,OK,True,"Multi-parameter categorical model with limited event information (events-per-parameter ~8.71, informational 10-EPP guideline, non-binding).",,,False,364,84.45475638051045
endometrioma_size_status,STANDARD_ADJUSTED_MODEL_HIGH_CAUTION,level,endometrioma_30mm_or_more,no_endometrioma,PRIMARY,endometrioma_30mm_or_more vs. no_endometrioma,104,16,88,103,0.7937135018451962,0.40189771368707794,1.5675160657964695,0.505799862694951,OK,none,OK,True,"Multi-parameter categorical model with limited event information (events-per-parameter ~8.71, informational 10-EPP guideline, non-binding).",,,False,327,75.87006960556845
endometrioma_size_status,STANDARD_ADJUSTED_MODEL_HIGH_CAUTION,level,endometrioma_size_unknown,no_endometrioma,PRIMARY,endometrioma_size_unknown vs. no_endometrioma,22,4,18,22,1.0559804402224586,0.2782597484040725,4.007387689121109,0.9361985030409838,OK,none,SPARSE_EXPLORATORY,True,"Multi-parameter categorical model with limited event information (events-per-parameter ~8.71, informational 10-EPP guideline, non-binding).",,,False,409,94.89559164733178
endometrioma_size_status,STANDARD_ADJUSTED_MODEL_HIGH_CAUTION,source,,no_endometrioma,SENSITIVITY_IVF,categorical source-level omnibus (cluster-robust Wald),431,61,370,430,,,,0.5245787125628736,OK,none,SEE_LEVEL_SUPPORT,True,"Multi-parameter categorical model with limited event information (events-per-parameter ~8.71, informational 10-EPP guideline, non-binding).",,,False,0,0.0
endometrioma_size_status,STANDARD_ADJUSTED_MODEL_HIGH_CAUTION,level,endometrioma_less_than_30mm,no_endometrioma,SENSITIVITY_IVF,endometrioma_less_than_30mm vs. no_endometrioma,67,5,62,67,0.4694325057015097,0.16769957346897976,1.3140574710523059,0.14988926545641781,OK,none,OK,True,"Multi-parameter categorical model with limited event information (events-per-parameter ~8.71, informational 10-EPP guideline, non-binding).",,,False,364,84.45475638051045
endometrioma_size_status,STANDARD_ADJUSTED_MODEL_HIGH_CAUTION,level,endometrioma_30mm_or_more,no_endometrioma,SENSITIVITY_IVF,endometrioma_30mm_or_more vs. no_endometrioma,104,16,88,103,0.836167016366179,0.4240018587454576,1.6489910712359774,0.6055669027173093,OK,none,OK,True,"Multi-parameter categorical model with limited event information (events-per-parameter ~8.71, informational 10-EPP guideline, non-binding).",,,False,327,75.87006960556845
endometrioma_size_status,STANDARD_ADJUSTED_MODEL_HIGH_CAUTION,level,endometrioma_size_unknown,no_endometrioma,SENSITIVITY_IVF,endometrioma_size_unknown vs. no_endometrioma,22,4,18,22,1.1177944683284742,0.28061379507138684,4.452612435207892,0.8745254199706265,OK,none,SPARSE_EXPLORATORY,True,"Multi-parameter categorical model with limited event information (events-per-parameter ~8.71, informational 10-EPP guideline, non-binding).",,,False,409,94.89559164733178
endometriosis_surgery,STANDARD_ADJUSTED_MODEL_FEASIBLE,source,,,PRIMARY,value 1 = surgery vs value 0 = no surgery,431,61,370,430,0.7801967128271836,0.43579782237601367,1.3967644615285393,0.4035204218280306,OK,none,OK,False,,,0.8011438766049415,True,0,0.0
endometriosis_surgery,STANDARD_ADJUSTED_MODEL_FEASIBLE,source,,,SENSITIVITY_IVF,value 1 = surgery vs value 0 = no surgery,431,61,370,430,0.8349809689113896,0.4502059161926126,1.5486096325440584,0.5671621505366111,OK,none,OK,False,,,,False,0,0.0
peritoneal_endometriosis,STANDARD_ADJUSTED_MODEL_FEASIBLE,source,,,PRIMARY,value 1 vs value 0,431,61,370,430,1.1411974554578006,0.6140889168427863,2.120754171951243,0.6761401590775427,OK,none,OK,False,,,0.8413429320487512,True,0,0.0
peritoneal_endometriosis,STANDARD_ADJUSTED_MODEL_FEASIBLE,source,,,SENSITIVITY_IVF,value 1 vs value 0,431,61,370,430,1.1319551222817068,0.6081436192374651,2.106940463284659,0.6957903962482881,OK,none,OK,False,,,,False,0,0.0
vaginal_opening_during_surgery,STANDARD_ADJUSTED_MODEL_HIGH_CAUTION,source,,,PRIMARY,value 1 vs value 0,431,61,370,430,1.550685945316082,0.5199148278760473,4.625040049009946,0.4313851643257377,OK,none,OK,True,"Binary operative-finding indicator population/contrast caveat (support ample: 24 exposed subjects, 5 exposed events).",,0.8011438766049415,True,0,0.0
vaginal_opening_during_surgery,STANDARD_ADJUSTED_MODEL_HIGH_CAUTION,source,,,SENSITIVITY_IVF,value 1 vs value 0,431,61,370,430,1.7032732586445207,0.5675194872034676,5.111965067330641,0.34225004428954475,OK,none,OK,True,"Binary operative-finding indicator population/contrast caveat (support ample: 24 exposed subjects, 5 exposed events).",,,False,0,0.0
