predictor,clinical_meaning,inferential_role,row_type,model_analysis_N,model_events,model_non_events,model_unique_subjects,odds_ratio,ci_low,ci_high,coef_p_value,omnibus_p_value,effect_representation,hypothesis_type,raw_p,bh_q,in_bh_family,fit_status,separation_status,support_status,rarity_support_status,current_compact_ridge_member,historical_lasso_selection_frequency,historical_lasso_sign_consistency,adjusted_or,adjusted_ci_low,adjusted_ci_high,adjusted_p,adjusted_fit_status
adenomyosis,Adenomyosis (presence),BINARY,source,431.0,61.0,370.0,430.0,1.1792207792207787,0.680136985461902,2.044531727974898,0.5571148883310959,,,binary_coefficient,0.5571148883310959,0.7675805128117321,True,OK,none,OK,REVIEW_REQUIRED,False,0.06,1.0,1.0856414759242976,0.5969699627048402,1.9743328607470167,0.7877054704500397,OK
adenomyosis_feature_1,Adenomyosis sonographic finding: globular uterine configuration,BINARY,source,431.0,61.0,370.0,430.0,1.033565968760385,0.4958397200759986,2.154443398798021,0.9298003548340266,,,binary_coefficient,0.9298003548340266,0.9298003548340266,True,OK,none,OK,REVIEW_REQUIRED,False,0.2,0.8,1.2165291108515264,0.5593952998221157,2.6456122853013215,0.6209721084043451,OK
adenomyosis_feature_10,Adenomyosis sonographic finding: ill-defined endometrial-myometrial border,BINARY,source,431.0,61.0,370.0,430.0,0.6685185185185182,0.08278251508877399,5.398688468487957,0.7055458380344076,,,binary_coefficient,0.7055458380344076,0.860083495113267,True,OK,none,SPARSE_EXPLORATORY,SPARSE_EXPLORATORY,False,0.16,1.0,0.5565967267860559,0.05916720971650418,5.23600686517646,0.6084210578254221,OK
adenomyosis_feature_11,Adenomyosis sonographic finding: diffuse myometrial vascularity (non-specific finding per source documentation),BINARY,source,431.0,61.0,370.0,430.0,,,,,,,not_estimable,,,False,STANDARD_OR_NOT_RELIABLY_ESTIMABLE,complete_separation,INSUFFICIENT_SUPPORT,INSUFFICIENT_SUPPORT,False,0.76,1.0,,,,,NOT_FITTED
adenomyosis_feature_2,"Adenomyosis sonographic finding: ""question-mark""-shaped uterine contour",BINARY,source,431.0,61.0,370.0,430.0,1.2166666666666668,0.13900188763325844,10.649335796671568,0.8593645128805487,,,binary_coefficient,0.8593645128805487,0.9030610135354918,True,OK,none,SPARSE_EXPLORATORY,SPARSE_EXPLORATORY,False,0.08,0.75,1.4485868781433022,0.1962703431755966,10.691395906163907,0.716321882872087,OK
adenomyosis_feature_3,Adenomyosis sonographic finding: myometrial wall asymmetry,BINARY,source,431.0,61.0,370.0,430.0,1.1001899335232665,0.4672160513784182,2.590702708639521,0.8270310169999425,,,binary_coefficient,0.8270310169999425,0.8995775974385339,True,OK,none,OK,REVIEW_REQUIRED,False,0.14,0.7142857142857143,1.1173744115885658,0.45437262201379625,2.7478010671932256,0.8089835885084146,OK
adenomyosis_feature_4,Adenomyosis sonographic finding: echogenic myometrial islands / increased echogenicity,BINARY,source,431.0,61.0,370.0,430.0,0.30508474576271194,0.07135274140981743,1.3044586691141784,0.10928199592629678,,,binary_coefficient,0.10928199592629678,0.2945862498882783,True,OK,none,SPARSE_EXPLORATORY,SPARSE_EXPLORATORY,False,0.7,1.0,0.2522795455879837,0.05491532983995177,1.1589654347441767,0.0766727885431994,OK
adenomyosis_feature_5,Adenomyosis sonographic finding: myometrial cysts,BINARY,source,431.0,61.0,370.0,430.0,0.2769841269841271,0.036398346546985594,2.107793729094895,0.21503182206069116,,,binary_coefficient,0.21503182206069116,0.4761418917058161,True,OK,none,SPARSE_EXPLORATORY,SPARSE_EXPLORATORY,False,0.24,1.0,0.2558535676428113,0.037555121933422524,1.743065784518115,0.16380224454361159,OK
adenomyosis_feature_6,Adenomyosis sonographic finding: junctional zone irregularity,BINARY,source,431.0,61.0,370.0,430.0,,,,,,,not_estimable,,,False,STANDARD_OR_NOT_RELIABLY_ESTIMABLE,complete_separation,INSUFFICIENT_SUPPORT,INSUFFICIENT_SUPPORT,False,0.04,1.0,,,,,NOT_FITTED
adenomyosis_feature_7,Adenomyosis sonographic finding: junctional zone thickening,BINARY,source,431.0,61.0,370.0,430.0,,,,,,,not_estimable,,,False,STANDARD_OR_NOT_RELIABLY_ESTIMABLE,complete_separation,INSUFFICIENT_SUPPORT,INSUFFICIENT_SUPPORT,False,0.78,1.0,,,,,NOT_FITTED
adenomyosis_feature_8,Adenomyosis sonographic finding: echogenic subendometrial buds (junctional zone),BINARY,source,431.0,61.0,370.0,430.0,,,,,,,not_estimable,,,False,STANDARD_OR_NOT_RELIABLY_ESTIMABLE,complete_separation,INSUFFICIENT_SUPPORT,INSUFFICIENT_SUPPORT,False,0.08,1.0,,,,,NOT_FITTED
adenomyosis_feature_9,Adenomyosis sonographic finding: fan-shaped shadowing,BINARY,source,431.0,61.0,370.0,430.0,2.03888888888889,0.20752766687945096,20.031391301909334,0.5411367322209195,,,binary_coefficient,0.5411367322209195,0.7625108499476593,True,OK,none,SPARSE_EXPLORATORY,SPARSE_EXPLORATORY,False,0.2,0.8,,,,,NOT_FITTED
adenomyosis_features_unknown,Adenomyosis sonographic finding: unspecified/not documented,BINARY,source,431.0,61.0,370.0,430.0,1.11404958677686,0.4450649851990384,2.7885960996070156,0.8175447826445168,,,binary_coefficient,0.8175447826445168,0.8995775974385339,True,OK,none,OK,REVIEW_REQUIRED,False,0.1,1.0,0.8549401275408944,0.3235345332143119,2.259179613433944,0.7519183095555902,OK
bladder_lesion_resected,Bladder endometriosis lesion resected,BINARY,source,431.0,61.0,370.0,430.0,1.4204244031830249,0.3915094265126888,5.153402060147999,0.5935058282424843,,,binary_coefficient,0.5935058282424843,0.7889247311502822,True,OK,none,SPARSE_EXPLORATORY,SPARSE_EXPLORATORY,False,0.12,0.8333333333333334,1.2347941169563368,0.2846379423087244,5.3566875129255935,0.7781806339230645,OK
bowel_lesion_resected,Bowel endometriosis lesion resected,BINARY,source,431.0,61.0,370.0,430.0,1.192961876832844,0.47465699095770214,2.998287324716477,0.7074880363028486,,,binary_coefficient,0.7074880363028486,0.860083495113267,True,OK,none,OK,REVIEW_REQUIRED,False,0.1,1.0,1.0026522815190166,0.37962835602315975,2.6481467511187673,0.9957350231032143,OK
cs_scar_endometriosis,Endometriosis in prior cesarean-section scar,BINARY,source,431.0,61.0,370.0,430.0,4.630102040816327,1.4164714491124828,15.134681974567016,0.01120900705069428,,,binary_coefficient,0.01120900705069428,0.13899168742860907,True,OK,none,OK,REVIEW_REQUIRED,False,0.98,1.0,5.615573411297285,1.6408845161938406,19.218089040669437,0.00597942745330024,OK
deep_endometriosis,Deep infiltrating endometriosis phenotype,BINARY,source,431.0,61.0,370.0,430.0,0.9578244274809167,0.5411476952054896,1.6953368590635347,0.8824084234716103,,,binary_coefficient,0.8824084234716103,0.9118220375873307,True,OK,none,OK,REVIEW_REQUIRED,False,0.28,1.0,0.7379605016917524,0.40351825021607113,1.3495937340269857,0.3238509700872432,OK
derived_endo_surgery_adhesion_status,Documented adhesion status at prior endometriosis surgery,CATEGORICAL,source,431.0,61.0,370.0,430.0,,,,,0.7999274889930901,,categorical_omnibus,0.7999274889930901,0.8995775974385339,True,OK,none,SEE_LEVEL_SUPPORT,REVIEW_REQUIRED,False,0.06,,,,,0.30344850599153933,OK
derived_prior_endo_surgery_procedure_status,Documented procedure status at prior endometriosis surgery,CATEGORICAL,source,431.0,61.0,370.0,430.0,,,,,0.04308161847022462,,categorical_omnibus,0.04308161847022462,0.18955683777306506,True,OK,none,SEE_LEVEL_SUPPORT,REVIEW_REQUIRED,False,0.06,,,,,0.07841231951896321,OK
endo_resection_adhesiolysis,Adhesiolysis performed at prior endometriosis surgery,BINARY,source,431.0,61.0,370.0,430.0,0.8009522065555756,0.4430645652602637,1.4479253984335285,0.46250531633608616,,,binary_coefficient,0.46250531633608616,0.6993982832399351,True,OK,none,OK,REVIEW_REQUIRED,False,0.24,0.8333333333333334,0.6637199561396327,0.35082234980432997,1.2556901817221648,0.2076534326739442,OK
endo_resection_adnexa,Adnexal endometriosis lesion resected,BINARY,source,431.0,61.0,370.0,430.0,0.6,0.07506580162383206,4.795792387644422,0.6300343652085265,,,binary_coefficient,0.6300343652085265,0.8137943883943467,True,OK,none,SPARSE_EXPLORATORY,SPARSE_EXPLORATORY,False,0.14,1.0,0.5518267718362717,0.05129886347535462,5.936053266785083,0.623772676120499,OK
endo_resection_appendix,Appendiceal endometriosis lesion resected,BINARY,source,431.0,61.0,370.0,430.0,2.03888888888889,0.20752766687945096,20.031391301909334,0.5411367322209195,,,binary_coefficient,0.5411367322209195,0.7625108499476593,True,OK,none,SPARSE_EXPLORATORY,SPARSE_EXPLORATORY,False,0.18,0.8888888888888888,,,,,NOT_FITTED
endo_resection_epiploica,Epiploic-appendage endometriosis lesion resected,BINARY,source,431.0,61.0,370.0,430.0,,,,,,,not_estimable,,,False,STANDARD_OR_NOT_RELIABLY_ESTIMABLE,complete_separation,INSUFFICIENT_SUPPORT,INSUFFICIENT_SUPPORT,False,0.0,,,,,,NOT_FITTED
endo_resection_fallopian_tube,Fallopian tube endometriosis lesion resected,BINARY,source,431.0,61.0,370.0,430.0,0.4677966101694919,0.10756441064371339,2.0344430576662798,0.3110685855592158,,,binary_coefficient,0.3110685855592158,0.5759981199616601,True,OK,none,SPARSE_EXPLORATORY,SPARSE_EXPLORATORY,False,0.32,1.0,0.2982808168429457,0.08020417035435325,1.1093119634977413,0.07104938441207377,OK
endo_resection_lesion,Other endometriosis lesion resected (unspecified site),BINARY,source,431.0,61.0,370.0,430.0,0.7446078431372549,0.42157384169877,1.315168981612676,0.30960921639941275,,,binary_coefficient,0.30960921639941275,0.5759981199616601,True,OK,none,OK,REVIEW_REQUIRED,False,0.54,1.0,0.6326234443721068,0.3447877591332791,1.1607500897806653,0.1392484508400493,OK
endo_resection_no_resection,No endometriosis lesion resected,BINARY,source,431.0,61.0,370.0,430.0,4.732758620689655,1.0289934838130719,21.767877556143276,0.045860525267677026,,,binary_coefficient,0.045860525267677026,0.18955683777306506,True,OK,none,SPARSE_EXPLORATORY,SPARSE_EXPLORATORY,False,0.52,0.9230769230769231,2.7180247152828265,0.5136283434382929,14.383276248803513,0.23950529823167443,OK
endo_resection_ovarian_endometrioma_bilateral,Bilateral ovarian endometrioma resected,BINARY,source,431.0,61.0,370.0,430.0,0.46779661016949176,0.10756441064371335,2.0344430576662793,0.31106858555921557,,,binary_coefficient,0.31106858555921557,0.5759981199616601,True,OK,none,SPARSE_EXPLORATORY,SPARSE_EXPLORATORY,False,0.42,1.0,0.37614305383134156,0.08046810321748478,1.758256890474644,0.21396730917015339,OK
endo_resection_ovarian_endometrioma_unilateral,Unilateral ovarian endometrioma resected,BINARY,source,431.0,61.0,370.0,430.0,0.9105555555555557,0.45021386562951077,1.8415945910368243,0.7942910828420253,,,binary_coefficient,0.7942910828420253,0.8995775974385339,True,OK,none,OK,REVIEW_REQUIRED,False,0.1,1.0,0.823581547176531,0.40492475603480266,1.6750928530321587,0.5920797925392732,OK
endo_resection_uterus,Uterine endometriosis lesion resected,BINARY,source,431.0,61.0,370.0,430.0,,,,,,,not_estimable,,,False,STANDARD_OR_NOT_RELIABLY_ESTIMABLE,complete_separation,INSUFFICIENT_SUPPORT,INSUFFICIENT_SUPPORT,False,0.08,1.0,,,,,NOT_FITTED
endometrioma,Endometrioma present,BINARY,source,431.0,61.0,370.0,430.0,0.8349867724867727,0.4811191569707717,1.4491273110337468,0.5214344961457014,,,binary_coefficient,0.5214344961457014,0.7625108499476593,True,OK,none,OK,REVIEW_REQUIRED,False,0.0,,0.7069644202946145,0.39359200397783284,1.269839545801975,0.2458441885662218,OK
endometrioma_presence_laterality,Endometrioma laterality,CATEGORICAL,source,431.0,61.0,370.0,430.0,,,,,,,not_estimable,,,False,STANDARD_OR_NOT_RELIABLY_ESTIMABLE,complete_separation,SEE_LEVEL_SUPPORT,INSUFFICIENT_SUPPORT,False,0.08,,,,,,NOT_FITTED
endometrioma_size_status,Endometrioma size category,CATEGORICAL,source,431.0,61.0,370.0,430.0,,,,,0.4059050586915042,,categorical_omnibus,0.4059050586915042,0.6622661483914015,True,OK,none,SEE_LEVEL_SUPPORT,REVIEW_REQUIRED,False,0.06,,,,,0.4784970930802498,OK
endometriosis_surgery,Prior endometriosis surgery,BINARY,source,431.0,61.0,370.0,430.0,0.8971774193548387,0.5211252049499652,1.5445948769211648,0.6954661434973904,,,binary_coefficient,0.6954661434973904,0.860083495113267,True,OK,none,OK,REVIEW_REQUIRED,False,0.0,,0.7801967128271836,0.43579782237601367,1.3967644615285393,0.4035204218280306,OK
peritoneal_endometriosis,Peritoneal endometriosis phenotype,BINARY,source,431.0,61.0,370.0,430.0,0.9719434773704687,0.5405156758884984,1.7477275227034734,0.9242709780400833,,,binary_coefficient,0.9242709780400833,0.9298003548340266,True,OK,none,OK,REVIEW_REQUIRED,False,0.08,0.75,1.1411974554578006,0.6140889168427863,2.120754171951243,0.6761401590775427,OK
vaginal_opening_during_surgery,Vaginal opening performed during endometriosis surgery,BINARY,source,431.0,61.0,370.0,430.0,1.6494360902255647,0.5905574765295513,4.606900299910872,0.33961202901778575,,,binary_coefficient,0.33961202901778575,0.5759981199616601,True,OK,none,OK,REVIEW_REQUIRED,False,0.4,1.0,1.550685945316082,0.5199148278760473,4.625040049009946,0.4313851643257377,OK
