predictor,inferential_role,row_type,level,reference_level,reporting_unit,continuous_unit_scale,fit_status,separation_status,support_status,model_analysis_N,model_events,model_non_events,model_unique_subjects,value_1_n,value_0_n,value_1_events,value_0_events,level_n,level_events,level_non_events,level_unique_subjects,odds_ratio,ci_low,ci_high,coef_p_value,omnibus_p_value,effect_representation,spline_df,reason
nulliparity,BINARY,source,,0,n/a,,OK,none,OK,431.0,61.0,370.0,430.0,237.0,194.0,51.0,10.0,,,,,5.045161290322577,2.482151629493694,10.254672656948593,7.746232074355201e-06,,,,
pregnancy_related_hypertensive_disorder,BINARY,source,,0,n/a,,OK,none,OK,431.0,61.0,370.0,430.0,19.0,412.0,7.0,54.0,,,,,3.867283950617283,1.455245252630223,10.277226555228832,0.006681566927094917,,,,
gestational_diabetes,BINARY,source,,0,n/a,,OK,none,OK,431.0,61.0,370.0,430.0,64.0,367.0,15.0,46.0,,,,,2.1362023070097584,1.107075691759206,4.121994846822421,0.023618473146623492,,,,
aspirin_during_pregnancy,BINARY,source,,0,n/a,,OK,none,OK,431.0,61.0,370.0,430.0,32.0,399.0,7.0,54.0,,,,,1.7888888888888874,0.7361319828840357,4.347214264828702,0.19922511592296843,,,,
S_P_CS,BINARY,source,,0,n/a,,OK,none,SPARSE_EXPLORATORY,431.0,61.0,370.0,430.0,18.0,413.0,4.0,57.0,,,,,1.784461152882205,0.5658554753038315,5.627411494844868,0.3230261064671762,,,,
AGE,CONTINUOUS,source,,,1 year,1.0,OK,none,NOT_APPLICABLE_CONTINUOUS_COUNT,431.0,61.0,370.0,430.0,,,,,,,,,1.0880062032289044,1.02600802041668,1.1537507258313942,0.004837230381809513,,linear_one_slope,,model_analysis_N / model_events / model_non_events describe sample and fit adequacy only (a per-unit continuous/count effect has no exposed-vs-unexposed contrast cells)
mode_of_conception_ivf_vs_all,BINARY,source,,0,n/a,,OK,none,OK,431.0,61.0,370.0,430.0,125.0,306.0,22.0,39.0,,,,,1.462285287528006,0.8258602788258236,2.5891525684719756,0.19236924549034262,,,,
IUGR,BINARY,source,,0,n/a,,OK,none,SPARSE_EXPLORATORY,431.0,61.0,370.0,430.0,18.0,413.0,3.0,58.0,,,,,1.2241379310344838,0.3426525921413276,4.373274005699985,0.755568717996057,,,,
endometrioma,BINARY,source,,0,n/a,,OK,none,OK,431.0,61.0,370.0,430.0,193.0,238.0,25.0,36.0,,,,,0.8349867724867727,0.4811191569707717,1.4491273110337468,0.5214344961457014,,,,
adenomyosis,BINARY,source,,0,n/a,,OK,none,OK,431.0,61.0,370.0,430.0,169.0,262.0,26.0,35.0,,,,,1.1792207792207787,0.680136985461902,2.044531727974898,0.5571148883310959,,,,
endometriosis_surgery,BINARY,source,,0,n/a,,OK,none,OK,431.0,61.0,370.0,430.0,222.0,209.0,30.0,31.0,,,,,0.8971774193548387,0.5211252049499652,1.5445948769211648,0.6954661434973904,,,,
deep_endometriosis,BINARY,source,,0,n/a,,OK,none,OK,431.0,61.0,370.0,430.0,152.0,279.0,21.0,40.0,,,,,0.9578244274809167,0.5411476952054896,1.6953368590635347,0.8824084234716103,,,,
cs_scar_endometriosis,BINARY,source,,0,n/a,,OK,none,OK,431.0,61.0,370.0,430.0,12.0,419.0,5.0,56.0,,,,,4.630102040816327,1.4164714491124828,15.134681974567016,0.01120900705069428,,,,
VBAC,BINARY,source,,0,n/a,,STANDARD_OR_NOT_RELIABLY_ESTIMABLE,complete_separation,INSUFFICIENT_SUPPORT,431.0,61.0,370.0,430.0,2.0,429.0,0.0,61.0,,,,,,,,,,,,Zero-count cell in the 2x2 outcome table (complete separation) or single predictor level.
adenomyosis_feature_5,BINARY,source,,0,n/a,,OK,none,SPARSE_EXPLORATORY,431.0,61.0,370.0,430.0,22.0,409.0,1.0,60.0,,,,,0.2769841269841271,0.036398346546985594,2.107793729094895,0.21503182206069116,,,,
adenomyosis_feature_4,BINARY,source,,0,n/a,,OK,none,SPARSE_EXPLORATORY,431.0,61.0,370.0,430.0,39.0,392.0,2.0,59.0,,,,,0.30508474576271194,0.07135274140981743,1.3044586691141784,0.10928199592629678,,,,
BMI_before,CONTINUOUS,source,,,1 kg/m^2,1.0,OK,none,NOT_APPLICABLE_CONTINUOUS_COUNT,317.0,45.0,272.0,316.0,,,,,,,,,1.0251492969424343,0.9610134184350436,1.0935654600254694,0.45112999856139346,,linear_one_slope,,model_analysis_N / model_events / model_non_events describe sample and fit adequacy only (a per-unit continuous/count effect has no exposed-vs-unexposed contrast cells)
P,DESCRIPTIVE_ONLY,source,,,,,NOT_FITTED,,,,,,,,,,,,,,,,,,,,,,"DESCRIPTIVE_ONLY — retained for description, not fitted in the primary whole-cohort univariable analysis."
oligohydramnios,BINARY,source,,0,n/a,,OK,none,OK,431.0,61.0,370.0,430.0,23.0,408.0,6.0,55.0,,,,,2.2652406417112294,0.8540832265369237,6.007980259331865,0.10037644994097615,,,,
adenomyosis_feature_9,BINARY,source,,0,n/a,,OK,none,SPARSE_EXPLORATORY,431.0,61.0,370.0,430.0,4.0,427.0,1.0,60.0,,,,,2.03888888888889,0.20752766687945096,20.031391301909334,0.5411367322209195,,,,
G,COUNT,source,,,1 pregnancy,1.0,OK,none,NOT_APPLICABLE_CONTINUOUS_COUNT,431.0,61.0,370.0,430.0,,,,,,,,,0.7980550705526641,0.5852249942588228,1.0882855344232691,0.15404925091743749,,linear_one_slope,,model_analysis_N / model_events / model_non_events describe sample and fit adequacy only (a per-unit continuous/count effect has no exposed-vs-unexposed contrast cells)
derived_placental_dysfunction_proxy,BINARY,source,,0,n/a,,OK,none,OK,416.0,60.0,356.0,415.0,28.0,388.0,7.0,53.0,,,,,2.106918238993711,0.8520341178554561,5.2100078773576,0.1066775516725698,,,,
derived_diabetes_type_grouped,CATEGORICAL,source,,no_diabetes,,,STANDARD_OR_NOT_RELIABLY_ESTIMABLE,complete_separation,SEE_LEVEL_SUPPORT,431.0,61.0,370.0,430.0,,,,,,,,,,,,,,,,Standard categorical logistic MLE not reliably estimable: category(ies) ['pregestational'] have a zero outcome cell (0 events or 0 non-events) -> complete separation within a category. The affected category is retained (not collapsed); no OR/CI/coefficient p is reported from the full model.
derived_diabetes_type_grouped,CATEGORICAL,level,pregestational,no_diabetes,,,STANDARD_OR_NOT_RELIABLY_ESTIMABLE,complete_separation,INSUFFICIENT_SUPPORT,431.0,61.0,370.0,430.0,,,,,8.0,0.0,8.0,8.0,,,,,,,,"Standard categorical MLE not reliably estimable (at least one category has a zero outcome cell); descriptive counts only, no OR/CI/coefficient p."
derived_diabetes_type_grouped,CATEGORICAL,level,GDMA1,no_diabetes,,,STANDARD_OR_NOT_RELIABLY_ESTIMABLE,none,OK,431.0,61.0,370.0,430.0,,,,,39.0,7.0,32.0,39.0,,,,,,,,"Standard categorical MLE not reliably estimable (at least one category has a zero outcome cell); descriptive counts only, no OR/CI/coefficient p."
derived_diabetes_type_grouped,CATEGORICAL,level,GDMA2,no_diabetes,,,STANDARD_OR_NOT_RELIABLY_ESTIMABLE,none,OK,431.0,61.0,370.0,430.0,,,,,18.0,8.0,10.0,18.0,,,,,,,,"Standard categorical MLE not reliably estimable (at least one category has a zero outcome cell); descriptive counts only, no OR/CI/coefficient p."
indication_for_induction_status,DESCRIPTIVE_ONLY,source,,,,,NOT_FITTED,,,,,,,,,,,,,,,,,,,,,,"DESCRIPTIVE_ONLY — retained for description, not fitted in the primary whole-cohort univariable analysis."
adenomyosis_feature_10,BINARY,source,,0,n/a,,OK,none,SPARSE_EXPLORATORY,431.0,61.0,370.0,430.0,10.0,421.0,1.0,60.0,,,,,0.6685185185185182,0.08278251508877399,5.398688468487957,0.7055458380344076,,,,
derived_prior_endo_surgery_procedure_status,CATEGORICAL,source,,no_prior_endo_surgery,,,OK,none,SEE_LEVEL_SUPPORT,431.0,61.0,370.0,430.0,,,,,,,,,,,,,0.04308161847022462,,,"categorical source-level omnibus test (one p-value per source predictor); see the per-level rows below for level-specific support_status (support_status here is SEE_LEVEL_SUPPORT, not an eligibility filter)"
derived_prior_endo_surgery_procedure_status,CATEGORICAL,level,prior_surgery_no_selected_procedure_documented,no_prior_endo_surgery,,,OK,none,OK,431.0,61.0,370.0,430.0,,,,,13.0,5.0,8.0,13.0,3.5887096774193545,1.0974533872945815,11.7352019665746,0.03453258513098009,,,,categorical level-specific contrast vs reference
derived_prior_endo_surgery_procedure_status,CATEGORICAL,level,prior_surgery_with_selected_procedure_documented,no_prior_endo_surgery,,,OK,none,OK,431.0,61.0,370.0,430.0,,,,,209.0,25.0,184.0,208.0,0.7801542776998599,0.44212528093700204,1.3766249596121027,0.39154342255956476,,,,categorical level-specific contrast vs reference
any_PET_cat,CATEGORICAL,source,,absent,,,OK,none,SEE_LEVEL_SUPPORT,431.0,61.0,370.0,430.0,,,,,,,,,,,,,0.06997491790238637,,,"categorical source-level omnibus test (one p-value per source predictor); see the per-level rows below for level-specific support_status (support_status here is SEE_LEVEL_SUPPORT, not an eligibility filter)"
any_PET_cat,CATEGORICAL,level,present,absent,,,OK,none,SPARSE_EXPLORATORY,431.0,61.0,370.0,430.0,,,,,10.0,4.0,6.0,10.0,4.166666666666666,1.1346630626952616,15.300675312256823,0.03152978397959321,,,,categorical level-specific contrast vs reference
any_PET_cat,CATEGORICAL,level,not_documented,absent,,,OK,none,SPARSE_EXPLORATORY,431.0,61.0,370.0,430.0,,,,,15.0,1.0,14.0,15.0,0.4464285714285713,0.057158014412025324,3.4867983333204298,0.4418889590328351,,,,categorical level-specific contrast vs reference
derived_hypertension_pih_pet_spectrum,CATEGORICAL,source,,no_hypertensive_disorder,,,OK,none,SEE_LEVEL_SUPPORT,416.0,60.0,356.0,415.0,,,,,,,,,,,,,0.028744888749513742,,,"categorical source-level omnibus test (one p-value per source predictor); see the per-level rows below for level-specific support_status (support_status here is SEE_LEVEL_SUPPORT, not an eligibility filter)"
derived_hypertension_pih_pet_spectrum,CATEGORICAL,level,pih_gestational_htn,no_hypertensive_disorder,,,OK,none,SPARSE_EXPLORATORY,416.0,60.0,356.0,415.0,,,,,8.0,3.0,5.0,8.0,3.8943396226415063,0.8993534245056188,16.863093732936402,0.06904833582233245,,,,categorical level-specific contrast vs reference
derived_hypertension_pih_pet_spectrum,CATEGORICAL,level,preeclampsia_spectrum,no_hypertensive_disorder,,,OK,none,SPARSE_EXPLORATORY,416.0,60.0,356.0,415.0,,,,,11.0,4.0,7.0,11.0,3.7088948787061966,1.0450559288912997,13.162837357314162,0.04254432374850219,,,,categorical level-specific contrast vs reference
adenomyosis_feature_2,BINARY,source,,0,n/a,,OK,none,SPARSE_EXPLORATORY,431.0,61.0,370.0,430.0,6.0,425.0,1.0,60.0,,,,,1.2166666666666668,0.13900188763325844,10.649335796671568,0.8593645128805487,,,,
endometrioma_size_status,CATEGORICAL,source,,no_endometrioma,,,OK,none,SEE_LEVEL_SUPPORT,431.0,61.0,370.0,430.0,,,,,,,,,,,,,0.4059050586915042,,,"categorical source-level omnibus test (one p-value per source predictor); see the per-level rows below for level-specific support_status (support_status here is SEE_LEVEL_SUPPORT, not an eligibility filter)"
endometrioma_size_status,CATEGORICAL,level,endometrioma_less_than_30mm,no_endometrioma,,,OK,none,OK,431.0,61.0,370.0,430.0,,,,,67.0,5.0,62.0,67.0,0.45250896057347684,0.1694395490255926,1.208480313934029,0.11361880142777118,,,,categorical level-specific contrast vs reference
endometrioma_size_status,CATEGORICAL,level,endometrioma_30mm_or_more,no_endometrioma,,,OK,none,OK,431.0,61.0,370.0,430.0,,,,,104.0,16.0,88.0,103.0,1.0202020202020203,0.5359754988399901,1.9419025016570903,0.9514373203274288,,,,categorical level-specific contrast vs reference
endometrioma_size_status,CATEGORICAL,level,endometrioma_size_unknown,no_endometrioma,,,OK,none,SPARSE_EXPLORATORY,431.0,61.0,370.0,430.0,,,,,22.0,4.0,18.0,22.0,1.2469135802469138,0.3966835981940013,3.919480118872454,0.7056970788035406,,,,categorical level-specific contrast vs reference
severe_PET_cat,CATEGORICAL,source,,absent,,,OK,none,SEE_LEVEL_SUPPORT,431.0,61.0,370.0,430.0,,,,,,,,,,,,,0.32306926965701355,,,"categorical source-level omnibus test (one p-value per source predictor); see the per-level rows below for level-specific support_status (support_status here is SEE_LEVEL_SUPPORT, not an eligibility filter)"
severe_PET_cat,CATEGORICAL,level,present,absent,,,OK,none,SPARSE_EXPLORATORY,431.0,61.0,370.0,430.0,,,,,2.0,1.0,1.0,2.0,6.016949152542376,0.3676388494466513,98.47620064846821,0.20827433105786308,,,,categorical level-specific contrast vs reference
severe_PET_cat,CATEGORICAL,level,not_documented,absent,,,OK,none,SPARSE_EXPLORATORY,431.0,61.0,370.0,430.0,,,,,15.0,1.0,14.0,15.0,0.42978208232445547,0.055075854826914544,3.3537861349158646,0.42047762573517433,,,,categorical level-specific contrast vs reference
endometrioma_presence_laterality,CATEGORICAL,source,,none,,,STANDARD_OR_NOT_RELIABLY_ESTIMABLE,complete_separation,SEE_LEVEL_SUPPORT,431.0,61.0,370.0,430.0,,,,,,,,,,,,,,,,Standard categorical logistic MLE not reliably estimable: category(ies) ['laterality_unknown'] have a zero outcome cell (0 events or 0 non-events) -> complete separation within a category. The affected category is retained (not collapsed); no OR/CI/coefficient p is reported from the full model.
endometrioma_presence_laterality,CATEGORICAL,level,unilateral,none,,,STANDARD_OR_NOT_RELIABLY_ESTIMABLE,none,OK,431.0,61.0,370.0,430.0,,,,,125.0,14.0,111.0,124.0,,,,,,,,"Standard categorical MLE not reliably estimable (at least one category has a zero outcome cell); descriptive counts only, no OR/CI/coefficient p."
endometrioma_presence_laterality,CATEGORICAL,level,bilateral,none,,,STANDARD_OR_NOT_RELIABLY_ESTIMABLE,none,OK,431.0,61.0,370.0,430.0,,,,,63.0,11.0,52.0,63.0,,,,,,,,"Standard categorical MLE not reliably estimable (at least one category has a zero outcome cell); descriptive counts only, no OR/CI/coefficient p."
endometrioma_presence_laterality,CATEGORICAL,level,laterality_unknown,none,,,STANDARD_OR_NOT_RELIABLY_ESTIMABLE,complete_separation,INSUFFICIENT_SUPPORT,431.0,61.0,370.0,430.0,,,,,5.0,0.0,5.0,5.0,,,,,,,,"Standard categorical MLE not reliably estimable (at least one category has a zero outcome cell); descriptive counts only, no OR/CI/coefficient p."
clexane_during_pregnancy,BINARY,source,,0,n/a,,OK,none,SPARSE_EXPLORATORY,431.0,61.0,370.0,430.0,16.0,415.0,2.0,59.0,,,,,0.8619854721549637,0.1903216005729754,3.9040179988467383,0.8471887946775306,,,,
smoking,CATEGORICAL,source,,non_smoker,,,STANDARD_OR_NOT_RELIABLY_ESTIMABLE,complete_separation,SEE_LEVEL_SUPPORT,431.0,61.0,370.0,430.0,,,,,,,,,,,,,,,,Standard categorical logistic MLE not reliably estimable: category(ies) ['former_smoker'] have a zero outcome cell (0 events or 0 non-events) -> complete separation within a category. The affected category is retained (not collapsed); no OR/CI/coefficient p is reported from the full model.
smoking,CATEGORICAL,level,former_smoker,non_smoker,,,STANDARD_OR_NOT_RELIABLY_ESTIMABLE,complete_separation,INSUFFICIENT_SUPPORT,431.0,61.0,370.0,430.0,,,,,1.0,0.0,1.0,1.0,,,,,,,,"Standard categorical MLE not reliably estimable (at least one category has a zero outcome cell); descriptive counts only, no OR/CI/coefficient p."
smoking,CATEGORICAL,level,current_smoker,non_smoker,,,STANDARD_OR_NOT_RELIABLY_ESTIMABLE,none,OK,431.0,61.0,370.0,430.0,,,,,38.0,8.0,30.0,38.0,,,,,,,,"Standard categorical MLE not reliably estimable (at least one category has a zero outcome cell); descriptive counts only, no OR/CI/coefficient p."
adenomyosis_features_unknown,BINARY,source,,0,n/a,,OK,none,OK,431.0,61.0,370.0,430.0,39.0,392.0,6.0,55.0,,,,,1.11404958677686,0.4450649851990384,2.7885960996070156,0.8175447826445168,,,,
adenomyosis_feature_3,BINARY,source,,0,n/a,,OK,none,OK,431.0,61.0,370.0,430.0,46.0,385.0,7.0,54.0,,,,,1.1001899335232665,0.4672160513784182,2.590702708639521,0.8270310169999425,,,,
derived_endo_surgery_adhesion_status,CATEGORICAL,source,,no_prior_endo_surgery,,,OK,none,SEE_LEVEL_SUPPORT,431.0,61.0,370.0,430.0,,,,,,,,,,,,,0.7999274889930901,,,"categorical source-level omnibus test (one p-value per source predictor); see the per-level rows below for level-specific support_status (support_status here is SEE_LEVEL_SUPPORT, not an eligibility filter)"
derived_endo_surgery_adhesion_status,CATEGORICAL,level,prior_surgery_without_documented_adhesions,no_prior_endo_surgery,,,OK,none,OK,431.0,61.0,370.0,430.0,,,,,86.0,13.0,73.0,85.0,1.022536456031816,0.5047042688471868,2.0716702204686217,0.9506711078425628,,,,categorical level-specific contrast vs reference
derived_endo_surgery_adhesion_status,CATEGORICAL,level,prior_surgery_with_documented_adhesions,no_prior_endo_surgery,,,OK,none,OK,431.0,61.0,370.0,430.0,,,,,136.0,17.0,119.0,136.0,0.8202764976958522,0.4335488979665795,1.5519668849995343,0.542550370392926,,,,categorical level-specific contrast vs reference
CS,DESCRIPTIVE_ONLY,source,,,,,NOT_FITTED,,,,,,,,,,,,,,,,,,,,,,"DESCRIPTIVE_ONLY — retained for description, not fitted in the primary whole-cohort univariable analysis."
endo_resection_no_resection,BINARY,source,,0,n/a,,OK,none,SPARSE_EXPLORATORY,431.0,61.0,370.0,430.0,7.0,424.0,3.0,58.0,,,,,4.732758620689655,1.0289934838130719,21.767877556143276,0.045860525267677026,,,,
adenomyosis_feature_1,BINARY,source,,0,n/a,,OK,none,OK,431.0,61.0,370.0,430.0,69.0,362.0,10.0,51.0,,,,,1.033565968760385,0.4958397200759986,2.154443398798021,0.9298003548340266,,,,
peritoneal_endometriosis,BINARY,source,,0,n/a,,OK,none,OK,431.0,61.0,370.0,430.0,299.0,132.0,42.0,19.0,,,,,0.9719434773704687,0.5405156758884984,1.7477275227034734,0.9242709780400833,,,,
adenomyosis_feature_6,BINARY,source,,0,n/a,,STANDARD_OR_NOT_RELIABLY_ESTIMABLE,complete_separation,INSUFFICIENT_SUPPORT,431.0,61.0,370.0,430.0,4.0,427.0,0.0,61.0,,,,,,,,,,,,Zero-count cell in the 2x2 outcome table (complete separation) or single predictor level.
adenomyosis_feature_7,BINARY,source,,0,n/a,,STANDARD_OR_NOT_RELIABLY_ESTIMABLE,complete_separation,INSUFFICIENT_SUPPORT,431.0,61.0,370.0,430.0,1.0,430.0,1.0,60.0,,,,,,,,,,,,Zero-count cell in the 2x2 outcome table (complete separation) or single predictor level.
adenomyosis_feature_11,BINARY,source,,0,n/a,,STANDARD_OR_NOT_RELIABLY_ESTIMABLE,complete_separation,INSUFFICIENT_SUPPORT,431.0,61.0,370.0,430.0,1.0,430.0,1.0,60.0,,,,,,,,,,,,Zero-count cell in the 2x2 outcome table (complete separation) or single predictor level.
adenomyosis_feature_8,BINARY,source,,0,n/a,,STANDARD_OR_NOT_RELIABLY_ESTIMABLE,complete_separation,INSUFFICIENT_SUPPORT,431.0,61.0,370.0,430.0,1.0,430.0,0.0,61.0,,,,,,,,,,,,Zero-count cell in the 2x2 outcome table (complete separation) or single predictor level.
induction_any_bin,BINARY,source,,0,n/a,,OK,none,OK,431.0,61.0,370.0,430.0,194.0,237.0,47.0,14.0,,,,,5.0928085519922295,2.70336246049896,9.594236557704528,4.713731431367744e-07,,,,
placental_abruption,BINARY,source,,0,n/a,,OK,none,SPARSE_EXPLORATORY,431.0,61.0,370.0,430.0,4.0,427.0,2.0,59.0,,,,,6.23728813559322,0.8579364371528937,45.34574078181839,0.07051666029375876,,,,
magnesium,BINARY,source,,0,n/a,,OK,none,SPARSE_EXPLORATORY,431.0,61.0,370.0,430.0,8.0,423.0,3.0,58.0,,,,,3.7758620689655196,0.8757182593009424,16.280503703592505,0.07475399621543623,,,,
mild_PET,BINARY,source,,0,n/a,,OK,none,SPARSE_EXPLORATORY,431.0,61.0,370.0,430.0,8.0,423.0,3.0,58.0,,,,,3.775862068965518,0.8757182593009419,16.280503703592498,0.07475399621543637,,,,
PPROM,BINARY,source,,0,n/a,,OK,none,OK,431.0,61.0,370.0,430.0,17.0,414.0,6.0,55.0,,,,,3.560330578512395,1.2623809031353892,10.04130670608768,0.016377038255630482,,,,
EUP,BINARY,source,,0,n/a,,OK,none,SPARSE_EXPLORATORY,431.0,61.0,370.0,430.0,17.0,414.0,1.0,60.0,,,,,0.3687500000000001,0.0477806195163644,2.8458518092974785,0.33864061671005385,,,,
PIH,BINARY,source,,0,n/a,,OK,none,SPARSE_EXPLORATORY,431.0,61.0,370.0,430.0,10.0,421.0,3.0,58.0,,,,,2.6822660098522175,0.6722088395305068,10.702850847116878,0.1622862672683103,,,,
polyhydramnios,BINARY,source,,0,n/a,,OK,none,OK,431.0,61.0,370.0,430.0,18.0,413.0,5.0,56.0,,,,,2.451923076923078,0.8396012949201943,7.160454386530428,0.10095690967849776,,,,
LIVE_BIRTH,DESCRIPTIVE_ONLY,source,,,,,NOT_FITTED,,,,,,,,,,,,,,,,,,,,,,"DESCRIPTIVE_ONLY — retained for description, not fitted in the primary whole-cohort univariable analysis."
endo_resection_fallopian_tube,BINARY,source,,0,n/a,,OK,none,SPARSE_EXPLORATORY,431.0,61.0,370.0,430.0,27.0,404.0,2.0,59.0,,,,,0.4677966101694919,0.10756441064371339,2.0344430576662798,0.3110685855592158,,,,
endo_resection_ovarian_endometrioma_bilateral,BINARY,source,,0,n/a,,OK,none,SPARSE_EXPLORATORY,431.0,61.0,370.0,430.0,27.0,404.0,2.0,59.0,,,,,0.46779661016949176,0.10756441064371335,2.0344430576662793,0.31106858555921557,,,,
endo_resection_appendix,BINARY,source,,0,n/a,,OK,none,SPARSE_EXPLORATORY,431.0,61.0,370.0,430.0,4.0,427.0,1.0,60.0,,,,,2.03888888888889,0.20752766687945096,20.031391301909334,0.5411367322209195,,,,
endo_resection_adnexa,BINARY,source,,0,n/a,,OK,none,SPARSE_EXPLORATORY,431.0,61.0,370.0,430.0,11.0,420.0,1.0,60.0,,,,,0.6,0.07506580162383206,4.795792387644422,0.6300343652085265,,,,
vaginal_opening_during_surgery,BINARY,source,,0,n/a,,OK,none,OK,431.0,61.0,370.0,430.0,24.0,407.0,5.0,56.0,,,,,1.6494360902255647,0.5905574765295513,4.606900299910872,0.33961202901778575,,,,
celestone,BINARY,source,,0,n/a,,OK,none,OK,431.0,61.0,370.0,430.0,35.0,396.0,7.0,54.0,,,,,1.5833333333333344,0.6576374259291837,3.812046494924397,0.3053271465180628,,,,
intrapartum_fever_or_chorioamnionitis_bin,BINARY,source,,0,n/a,,OK,none,OK,431.0,61.0,370.0,430.0,29.0,402.0,8.0,53.0,,,,,2.508535489667566,1.0550522874902493,5.964396625205033,0.03741227258923076,,,,
diabetes_type,DESCRIPTIVE_ONLY,source,,,,,NOT_FITTED,,,,,,,,,,,,,,,,,,,,,,"DESCRIPTIVE_ONLY — retained for description, not fitted in the primary whole-cohort univariable analysis."
bladder_lesion_resected,BINARY,source,,0,n/a,,OK,none,SPARSE_EXPLORATORY,431.0,61.0,370.0,430.0,16.0,415.0,3.0,58.0,,,,,1.4204244031830249,0.3915094265126888,5.153402060147999,0.5935058282424843,,,,
mode_of_conception,CATEGORICAL,source,,spontaneous,,,OK,none,SEE_LEVEL_SUPPORT,431.0,61.0,370.0,430.0,,,,,,,,,,,,,0.036075820267567525,,,"categorical source-level omnibus test (one p-value per source predictor); see the per-level rows below for level-specific support_status (support_status here is SEE_LEVEL_SUPPORT, not an eligibility filter)"
mode_of_conception,CATEGORICAL,level,IUI,spontaneous,,,OK,none,SPARSE_EXPLORATORY,431.0,61.0,370.0,430.0,,,,,9.0,4.0,5.0,9.0,6.094117647058823,1.550204408522505,23.957014760130978,0.009664138888958538,,,,categorical level-specific contrast vs reference
mode_of_conception,CATEGORICAL,level,IVF,spontaneous,,,OK,none,OK,431.0,61.0,370.0,430.0,,,,,125.0,22.0,103.0,125.0,1.627070245573958,0.9058324389964537,2.9225687556133813,0.10331397484060735,,,,categorical level-specific contrast vs reference
mode_of_conception,CATEGORICAL,level,other_fertility_treatment,spontaneous,,,OK,none,SPARSE_EXPLORATORY,431.0,61.0,370.0,430.0,,,,,4.0,1.0,3.0,4.0,2.5392156862745106,0.2540768342210728,25.37663979161692,0.4275405839995545,,,,categorical level-specific contrast vs reference
endo_resection_lesion,BINARY,source,,0,n/a,,OK,none,OK,431.0,61.0,370.0,430.0,174.0,257.0,21.0,40.0,,,,,0.7446078431372549,0.42157384169877,1.315168981612676,0.30960921639941275,,,,
Fetus_Anamoly,BINARY,source,,0,n/a,,OK,none,OK,431.0,61.0,370.0,430.0,35.0,396.0,6.0,55.0,,,,,1.2827586206896555,0.5082703466393598,3.2373906717819225,0.5980558445816655,,,,
endo_resection_adhesiolysis,BINARY,source,,0,n/a,,OK,none,OK,431.0,61.0,370.0,430.0,145.0,286.0,18.0,43.0,,,,,0.8009522065555756,0.4430645652602637,1.4479253984335285,0.46250531633608616,,,,
bowel_lesion_resected,BINARY,source,,0,n/a,,OK,none,OK,431.0,61.0,370.0,430.0,37.0,394.0,6.0,55.0,,,,,1.192961876832844,0.47465699095770214,2.998287324716477,0.7074880363028486,,,,
endo_resection_ovarian_endometrioma_unilateral,BINARY,source,,0,n/a,,OK,none,OK,431.0,61.0,370.0,430.0,83.0,348.0,11.0,50.0,,,,,0.9105555555555557,0.45021386562951077,1.8415945910368243,0.7942910828420253,,,,
height,CONTINUOUS,source,,,5 cm,5.0,OK,none,NOT_APPLICABLE_CONTINUOUS_COUNT,363.0,52.0,311.0,362.0,,,,,,,,,0.7639961183190221,0.6079834902200808,0.960042629768197,0.02089563586589854,,linear_one_slope,,model_analysis_N / model_events / model_non_events describe sample and fit adequacy only (a per-unit continuous/count effect has no exposed-vs-unexposed contrast cells)
AB,COUNT,source,,,1 pregnancy loss / abortion,1.0,OK,none,NOT_APPLICABLE_CONTINUOUS_COUNT,431.0,61.0,370.0,430.0,,,,,,,,,0.9549244122726467,0.6586319379522627,1.3845071588683757,0.8077279685817251,,linear_one_slope,,model_analysis_N / model_events / model_non_events describe sample and fit adequacy only (a per-unit continuous/count effect has no exposed-vs-unexposed contrast cells)
endo_resection_epiploica,BINARY,source,,0,n/a,,STANDARD_OR_NOT_RELIABLY_ESTIMABLE,complete_separation,INSUFFICIENT_SUPPORT,431.0,61.0,370.0,430.0,1.0,430.0,0.0,61.0,,,,,,,,,,,,Zero-count cell in the 2x2 outcome table (complete separation) or single predictor level.
endo_resection_uterus,BINARY,source,,0,n/a,,STANDARD_OR_NOT_RELIABLY_ESTIMABLE,complete_separation,INSUFFICIENT_SUPPORT,431.0,61.0,370.0,430.0,9.0,422.0,0.0,61.0,,,,,,,,,,,,Zero-count cell in the 2x2 outcome table (complete separation) or single predictor level.
SIPET,BINARY,source,,0,n/a,,STANDARD_OR_NOT_RELIABLY_ESTIMABLE,complete_separation,INSUFFICIENT_SUPPORT,431.0,61.0,370.0,430.0,1.0,430.0,0.0,61.0,,,,,,,,,,,,Zero-count cell in the 2x2 outcome table (complete separation) or single predictor level.
meconium_stained_amniotic_fluid,BINARY,source,,0,n/a,,OK,none,OK,431.0,61.0,370.0,430.0,56.0,375.0,6.0,55.0,,,,,0.6981818181818187,0.285100341468367,1.709776455296724,0.4317394667038543,,,,
gestational_age_at_delivery_days,CONTINUOUS,source,,,Nonlinear spline (df=3),,OK,none,NOT_APPLICABLE_CONTINUOUS_COUNT,431.0,61.0,370.0,430.0,,,,,,,,,,,,,0.02868381731495916,nonlinear_spline,3.0,Cluster-robust Wald omnibus test of H0: all non-intercept spline coefficients = 0. No single OR is reported for a nonlinear spline representation; no individual spline-basis coefficient is clinically interpreted.
weight_before_pregnancy,CONTINUOUS,source,,,Nonlinear spline (df=3),,OK,none,NOT_APPLICABLE_CONTINUOUS_COUNT,342.0,48.0,294.0,341.0,,,,,,,,,,,,,0.026697804650147296,nonlinear_spline,3.0,Cluster-robust Wald omnibus test of H0: all non-intercept spline coefficients = 0. No single OR is reported for a nonlinear spline representation; no individual spline-basis coefficient is clinically interpreted.
Hb_before_delivery,CONTINUOUS,source,,,1 g/dL,1.0,OK,none,NOT_APPLICABLE_CONTINUOUS_COUNT,392.0,55.0,337.0,392.0,,,,,,,,,1.1519487976864848,0.8595294541049883,1.5438517274234698,0.3437408135255068,,linear_one_slope,,model_analysis_N / model_events / model_non_events describe sample and fit adequacy only (a per-unit continuous/count effect has no exposed-vs-unexposed contrast cells)
weight_in_pregnancy,DESCRIPTIVE_ONLY,source,,,,,NOT_FITTED,,,,,,,,,,,,,,,,,,,,,,"DESCRIPTIVE_ONLY — retained for description, not fitted in the primary whole-cohort univariable analysis."
BMI_after,DESCRIPTIVE_ONLY,source,,,,,NOT_FITTED,,,,,,,,,,,,,,,,,,,,,,"DESCRIPTIVE_ONLY — retained for description, not fitted in the primary whole-cohort univariable analysis."
gestational_age_at_PPROM_days,DESCRIPTIVE_ONLY,source,,,,,NOT_FITTED,,,,,,,,,,,,,,,,,,,,,,"DESCRIPTIVE_ONLY — retained for description, not fitted in the primary whole-cohort univariable analysis."
